playerID,playerName,playerAge,teamID,position,score
00-0000865,Charlie Batch,38,26,QB,1.784322099968137
00-0007091,Matt Hasselbeck,40,13,QB,12.569505176025546
00-0010346,Peyton Manning,39,9,QB,91.37722277586828
00-0019596,Tom Brady,45,29,QB,85.24452152347777
00-0020245,Michael Vick,35,26,QB,19.505582785901684
00-0020531,Drew Brees,41,22,QB,86.31035965901431
00-0020608,David Carr,33,23,QB,0.12338397499779671
00-0020679,Shaun Hill,36,20,QB,1.9773072916313577
00-0021206,Josh McCown,40,25,QB,29.125736405729892
00-0021429,Carson Palmer,38,0,QB,49.27291586162013
00-0021678,Tony Romo,36,8,QB,49.94013843410821
00-0022055,Seneca Wallace,33,11,QB,0.6074287999891531
00-0022177,Byron Leftwich,32,26,QB,2.614791162453307
00-0022787,Matt Schaub,38,1,QB,19.289028091322223
00-0022803,Eli Manning,38,23,QB,66.36014637346777
00-0022924,Ben Roethlisberger,39,26,QB,68.89252097126978
00-0022942,Philip Rivers,39,13,QB,73.59379554868583
00-0023436,Alex Smith,36,31,QB,49.4487643900892
00-0023459,Aaron Rodgers,40,24,QB,73.95609908473705
00-0023460,Jason Campbell,33,6,QB,11.901808049787467
00-0023541,Kyle Orton,32,3,QB,18.68001744549976
00-0023578,Dan Orlovsky,32,10,QB,1.2749677416438991
00-0023645,Derek Anderson,35,3,QB,2.9888412075359136
00-0023662,Matt Cassel,36,10,QB,10.535093249811874
00-0023682,Ryan Fitzpatrick,39,31,QB,42.1569392392472
00-0024226,Jay Cutler,34,19,QB,46.51304683845513
00-0024264,Kellen Clemens,34,17,QB,1.2907861999769503
00-0024279,Tarvaris Jackson,32,28,QB,0.8802972062342804
00-0024296,Charlie Whitehurst,34,7,QB,9.108268308170686
00-0024408,Bruce Gradkowski,29,6,QB,0.6169198749889836
00-0025409,Brady Quinn,28,15,QB,13.197339787264333
00-0025423,Kevin Kolb,28,0,QB,21.995566312107222
00-0025430,Drew Stanton,33,0,QB,7.4429010148670915
00-0025708,Matt Moore,35,15,QB,8.393838936457254
00-0026143,Matt Ryan,37,13,QB,69.44526104667658
00-0026158,Joe Flacco,38,7,QB,38.572763083125295
00-0026197,Chad Henne,37,15,QB,16.00472067992253
00-0026300,Josh Johnson,36,27,QB,6.938292194042768
00-0026349,Matt Flynn,29,11,QB,3.86603121659763
00-0026498,Matthew Stafford,35,18,QB,67.45142733773781
00-0026544,Chase Daniel,36,17,QB,3.304792314940986
00-0026625,Brian Hoyer,38,16,QB,9.259212904802606
00-0026898,Mark Sanchez,32,31,QB,15.012349696398589
00-0026993,Josh Freeman,27,13,QB,39.29225957638169
00-0027602,Graham Harrell,27,11,QB,-0.5220091249906785
00-0027659,Jimmy Clausen,27,5,QB,6.317892258220514
00-0027688,Colt McCoy,36,0,QB,5.546478773512067
00-0027754,John Skelton,24,0,QB,9.932409987322636
00-0027796,Joe Webb,32,12,QB,0.6707026333213566
00-0027854,Sam Bradford,31,0,QB,40.21985397303178
00-0027939,Cam Newton,32,4,QB,70.12817265374771
00-0027946,Jake Locker,26,30,QB,27.859468816169173
00-0027948,Blaine Gabbert,34,15,QB,12.561581566442355
00-0027950,Christian Ponder,26,20,QB,20.84872808296104
00-0027973,Andy Dalton,36,4,QB,54.52865948300063
00-0027974,Colin Kaepernick,29,27,QB,50.094210218272124
00-0028012,Ryan Mallett,29,2,QB,7.554262961531769
00-0028090,T.J. Yates,30,12,QB,5.0397608249100045
00-0028118,Tyrod Taylor,34,23,QB,25.443625187366166
00-0028957,Austin Davis,26,7,QB,3.639827262435003
00-0028986,Case Keenum,35,12,QB,16.79424629942233
00-0029151,Matt Simms,26,24,QB,1.0709096291475433
00-0029263,Russell Wilson,35,9,QB,76.12456636130088
00-0029531,Ryan Lindley,26,13,QB,5.972258943643353
00-0029567,Nick Foles,33,13,QB,28.139398006997506
00-0029604,Kirk Cousins,35,20,QB,54.94012192033302
00-0029623,Alex Tanney,32,23,QB,0.6865210916544074
00-0029665,Robert Griffin,30,2,QB,25.646071033917035
00-0029668,Andrew Luck,29,13,QB,71.9556811993103
00-0029677,Brandon Weeden,32,8,QB,17.713667825933683
00-0029682,Brock Osweiler,28,19,QB,11.252008379263359
00-0029701,Ryan Tannehill,35,30,QB,59.82238952809841
00-0029857,Ryan Griffin,30,29,QB,0.1708393499969493
00-0030024,Jeff Tuel,22,3,QB,6.7908641623787345
00-0030151,Tyler Bray,29,5,QB,0.531500199990509
00-0030520,Mike Glennon,32,23,QB,16.721918281844253
00-0030524,Landry Jones,28,26,QB,5.245400783239666
00-0030526,E.J. Manuel,26,3,QB,20.654951968381162
00-0030533,Matt Barkley,30,3,QB,5.042246582648055
00-0030565,Geno Smith,33,28,QB,31.21114128944266
00-0031064,Tom Savage,27,12,QB,3.7632112374328
00-0031076,David Fales,29,24,QB,1.6609381249703403
00-0031237,Teddy Bridgewater,30,19,QB,38.94372621111014
00-0031266,Zach Mettenberger,24,30,QB,18.064679416344084
00-0031280,Derek Carr,32,22,QB,67.88111750628784
00-0031288,AJ McCarron,33,6,QB,6.444439924884922
00-0031345,Jimmy Garoppolo,32,16,QB,24.695355324003458
00-0031395,Garrett Gilbert,30,31,QB,1.4274576799745098
00-0031407,Blake Bortles,28,18,QB,57.95250394896513
00-0031409,Johnny Manziel,23,7,QB,16.338885612208234
00-0031503,Jameis Winston,29,22,QB,53.04625091238607
00-0031568,Bryce Petty,26,24,QB,6.862047224877464
00-0031589,Brett Hundley,26,0,QB,11.00648330813679
00-0031800,Taylor Heinicke,30,1,QB,14.571963816406452
00-0032156,Trevor Siemian,32,24,QB,13.621048492613912
00-0032245,Sean Mannion,29,20,QB,0.6738663249879667
00-0032268,Marcus Mariota,30,25,QB,42.09091395285949
00-0032431,Jake Rudock,24,10,QB,1.176893299978984
00-0032434,Brandon Allen,30,6,QB,7.832509643610134
00-0032436,Jeff Driskel,29,12,QB,13.618268963506816
00-0032462,Trevone Boykin,23,28,QB,2.4202241249567815
00-0032630,Joe Callahan,24,11,QB,0.10440182499813568
00-0032784,Kevin Hogan,25,7,QB,8.385364762350262
00-0032792,Nate Sudfeld,29,10,QB,0.3540170974936783
00-0032950,Carson Wentz,31,18,QB,50.576620469235735
00-0033077,Dak Prescott,30,8,QB,75.34806257782117
00-0033098,Cardale Jones,24,3,QB,0.39387961249296644
00-0033104,Cody Kessler,25,14,QB,7.285190985286574
00-0033106,Jared Goff,29,10,QB,74.46315165457307
00-0033108,Paxton Lynch,23,9,QB,5.901866804061276
00-0033119,Jacoby Brissett,31,31,QB,27.480353098120393
00-0033275,P.J. Walker,28,7,QB,5.884466499894919
00-0033319,Nick Mullens,28,20,QB,20.41530232463544
00-0033357,Taysom Hill,33,22,QB,30.512450256597994
00-0033537,Deshaun Watson,28,7,QB,57.7197466334931
00-0033550,Davis Webb,27,23,QB,5.414658287403309
00-0033662,Cooper Rush,30,8,QB,6.964550834875633
00-0033869,Mitchell Trubisky,29,26,QB,36.67775088639861
00-0033873,Patrick Mahomes,28,15,QB,96.92116306344785
00-0033899,DeShone Kizer,22,11,QB,30.577079957787316
00-0033936,C.J. Beathard,30,14,QB,13.106948596789758
00-0033949,Joshua Dobbs,28,20,QB,25.359361476630486
00-0033958,Nathan Peterman,29,5,QB,2.147694685675934
00-0034177,Tim Boyle,29,24,QB,2.2212279191270015
00-0034343,Josh Rosen,24,1,QB,7.027350114457844
00-0034369,Kyle Lauletta,23,23,QB,-0.47455374999152583
00-0034401,Mike White,28,19,QB,6.893684141543565
00-0034412,Luke Falk,25,24,QB,3.0371439999457652
00-0034438,Logan Woodside,28,1,QB,0.0696012166654238
00-0034577,Kyle Allen,26,12,QB,11.699964521457737
00-0034771,Mason Rudolph,28,26,QB,12.660619496023918
00-0034796,Lamar Jackson,26,2,QB,77.65846140635134
00-0034855,Baker Mayfield,28,29,QB,56.66149177101201
00-0034857,Josh Allen,27,3,QB,100.0
00-0034869,Sam Darnold,26,27,QB,30.0439979119635
00-0034899,John Wolford,27,18,QB,2.5040619541219518
00-0034955,Brett Rypien,27,18,QB,2.6114692862033664
00-0035040,David Blough,27,0,QB,3.5254598086870454
00-0035100,Jake Browning,27,6,QB,39.44965323679554
00-0035146,Trace McSorley,27,0,QB,1.5699819895552984
00-0035228,Kyler Murray,26,0,QB,71.5481525170557
00-0035232,Dwayne Haskins,23,31,QB,17.515778912187216
00-0035251,Will Grier,24,4,QB,1.0819825499806788
00-0035264,Jarrett Stidham,27,9,QB,5.273241269905835
00-0035282,Easton Stick,28,17,QB,6.523532216550175
00-0035289,Gardner Minshew,27,13,QB,34.72467973271324
00-0035577,Devlin Hodges,23,26,QB,12.869897699770181
00-0035652,Ryan Finley,26,6,QB,5.909776033227803
00-0035704,Drew Lock,27,28,QB,21.185028507121697
00-0035710,Daniel Jones,26,23,QB,48.94895383495925
00-0035752,Chris Streveler,27,24,QB,1.2449126708111027
00-0035939,Bryce Perkins,26,18,QB,3.7347380124333083
00-0035993,Tyler Huntley,25,2,QB,9.551817879829432
00-0036197,Jake Fromm,23,23,QB,3.9340505874297484
00-0036212,Tua Tagovailoa,25,19,QB,55.83314690150298
00-0036264,Jordan Love,25,11,QB,17.56560705593633
00-0036312,Jake Luton,24,14,QB,7.161016087372125
00-0036355,Justin Herbert,25,17,QB,76.52321584738351
00-0036384,Ben DiNucci,24,8,QB,1.9077060749659336
00-0036389,Jalen Hurts,25,25,QB,84.37186031849336
00-0036442,Joe Burrow,27,6,QB,66.09869362131967
00-0036879,Sam Ehlinger,24,13,QB,7.8681011748595
00-0036898,Davis Mills,25,12,QB,24.923562949554942
00-0036928,Kyle Trask,25,29,QB,0.14552981666406795
00-0036929,Ian Book,23,22,QB,1.3856969499752554
00-0036945,Justin Fields,24,5,QB,60.71836138849907
00-0036946,Kellen Mond,22,20,QB,0.04745537499915258
00-0036971,Trevor Lawrence,24,14,QB,62.14676817597357
00-0036972,Mac Jones,25,21,QB,49.61222179286406
00-0037012,Trey Lance,22,27,QB,7.673534137362972
00-0037013,Zach Wilson,24,24,QB,26.778277189105147
00-0037077,Sam Howell,23,31,QB,26.662011520357225
00-0037175,Anthony Brown,24,2,QB,1.784322099968137
00-0037327,Skylar Thompson,25,19,QB,3.7632112374327997
00-0037834,Brock Purdy,24,27,QB,66.22081211965082
00-0038102,Kenny Pickett,25,26,QB,30.18161849946104
00-0038108,Bailey Zappe,24,21,QB,13.028082283100689
00-0038122,Desmond Ridder,24,1,QB,20.027750095475692
00-0038128,Malik Willis,24,30,QB,2.532535179121443
00-0038391,Sean Clifford,25,11,QB,0.3511697749937291
00-0038416,Tyson Bagent,23,5,QB,14.13221067474764
00-0038476,Tommy DeVito,25,23,QB,23.964964374572055
00-0038579,Aidan O'Connell,25,16,QB,32.15101656192587
00-0038582,Clayton Tune,24,0,QB,0.7213216999871193
00-0038583,Dorian Thompson-Robinson,24,7,QB,4.745537499915258
00-0038598,Jaren Hall,25,20,QB,-0.18982149999661033
00-0039150,Bryce Young,22,4,QB,40.569600086775544
00-0039152,Will Levis,24,30,QB,27.927488187001295
00-0039163,C.J. Stroud,22,12,QB,69.61228958625692
00-0039164,Anthony Richardson,21,13,QB,16.557180337204336
00-0004541,Donald Driver,37,11,WR,9.153998678122933
00-0011754,Randy Moss,35,27,WR,29.543952412425643
00-0015754,Brandon Stokley,37,2,WR,31.207314386428727
00-0019642,Plaxico Burress,35,26,WR,4.362194315928618
00-0020337,Steve Smith,37,2,WR,62.94558272747302
00-0020494,Santana Moss,35,31,WR,24.944921788940288
00-0020498,Reggie Wayne,36,13,WR,62.99294998898436
00-0021163,Jabar Gaffney,32,19,WR,3.5690680766688696
00-0021192,Deion Branch,33,21,WR,10.079312623925974
00-0021931,Kevin Walter,31,12,WR,34.63317911434236
00-0021999,Nate Burleson,32,10,WR,27.384886538885212
00-0022044,Andre Johnson,35,30,WR,76.2877285745759
00-0022084,Anquan Boldin,36,10,WR,64.66181978409341
00-0022097,Brandon Lloyd,33,27,WR,33.035910993610926
00-0022427,Wes Welker,33,9,WR,71.42542410222515
00-0022781,Michael Jenkins,30,20,WR,34.00528750826173
00-0022811,Jerricho Cotchery,33,4,WR,41.9762062128222
00-0022921,Larry Fitzgerald,37,0,WR,69.69978703091722
00-0022929,Devery Henderson,30,22,WR,20.125578321216125
00-0023176,Joshua Cribbs,31,13,WR,2.8012778144965846
00-0023310,Lance Moore,32,10,WR,43.55254461335095
00-0023367,Nate Washington,32,12,WR,45.45935228023794
00-0023438,Braylon Edwards,29,28,WR,14.507600793126239
00-0023462,Roddy White,34,1,WR,56.923331130204886
00-0023496,Vincent Jackson,33,29,WR,50.95175148711169
00-0023921,Miles Austin,31,25,WR,31.328486450760078
00-0024240,Santonio Holmes,30,5,WR,15.063890724829259
00-0024267,Greg Jennings,32,19,WR,38.60541969596827
00-0024272,Devin Hester,32,1,WR,23.63956818682529
00-0024318,Brad Smith,31,25,WR,7.182198722185503
00-0024324,Jason Avant,32,15,WR,28.334434897554527
00-0024334,Brandon Marshall,34,28,WR,83.12364271551317
00-0024345,Domenik Hixon,29,4,WR,25.765587133729895
00-0024447,Devin Aromashodu,28,20,WR,9.649702577660277
00-0024463,Ben Obomanu,30,24,WR,2.5996915620180654
00-0024466,Marques Colston,32,22,WR,66.17977528089887
00-0025389,Calvin Johnson,30,10,WR,100.0
00-0025396,Ted Ginn,35,5,WR,34.50906954542116
00-0025410,Dwayne Bowe,31,7,WR,30.472571050892263
00-0025414,Robert Meachem,30,22,WR,15.311742674597927
00-0025431,Sidney Rice,27,28,WR,42.94998898435778
00-0025460,Jacoby Jones,30,2,WR,24.405155320555185
00-0025462,Laurent Robinson,27,14,WR,15.267680105750165
00-0025465,James Jones,31,11,WR,66.418814716898
00-0025529,Steve Breaston,29,15,WR,4.7587574355584925
00-0026000,Davone Bess,28,7,WR,41.859440405375636
00-0026035,Danny Amendola,36,12,WR,34.65521039876625
00-0026173,Donnie Avery,30,15,WR,39.60123375192773
00-0026176,Jordy Nelson,32,11,WR,71.75148711169861
00-0026182,Eddie Royal,30,5,WR,25.391055298523906
00-0026186,Jerome Simpson,29,27,WR,26.492619519717994
00-0026189,DeSean Jackson,36,2,WR,37.01806565322757
00-0026210,Earl Bennett,26,5,WR,27.7043401630315
00-0026221,Early Doucet,27,0,WR,18.374091209517513
00-0026224,Harry Douglas,33,30,WR,26.127529663550813
00-0026235,Mario Manningham,27,27,WR,22.81339502092972
00-0026237,Andre Caldwell,30,9,WR,5.928618638466621
00-0026266,Lavelle Hawkins,26,30,WR,3.701255783212161
00-0026293,Matt Slater,31,21,WR,0.05507821105970477
00-0026314,Josh Morgan,29,5,WR,23.97003745318352
00-0026345,Pierre Garcon,32,27,WR,57.4556226985176
00-0026364,Steve Johnson,28,27,WR,54.698171403392806
00-0026366,Chaz Schilens,27,24,WR,21.777924653007272
00-0026465,Anthony Armstrong,29,19,WR,1.3879709187045604
00-0026739,Jordan Norwood,30,9,WR,14.424983476536685
00-0026780,Kevin Ogletree,27,23,WR,16.02225159726812
00-0026901,Mike Wallace,32,25,WR,43.32216032480408
00-0026902,Ramses Barden,26,23,WR,11.896893588896232
00-0026937,Brandon Gibson,27,19,WR,26.184181537783648
00-0026983,Darrius Heyward-Bey,31,26,WR,9.290907374185629
00-0026986,Michael Crabtree,32,0,WR,39.7752808988764
00-0026995,Jeremy Maclin,29,2,WR,63.55584930601454
00-0026998,Percy Harvin,28,3,WR,24.981273408239698
00-0027005,Hakeem Nicks,27,23,WR,38.45340383344348
00-0027006,Kenny Britt,29,7,WR,28.740912095175148
00-0027026,Mohamed Massaquoi,26,7,WR,14.011896893588895
00-0027057,Brandon Tate,30,3,WR,8.626821515122902
00-0027076,Mike Thomas,25,14,WR,13.384005287508261
00-0027077,Brian Hartline,29,7,WR,43.195637805684065
00-0027089,Louis Murphy,30,27,WR,15.510024234412867
00-0027092,Austin Collie,28,21,WR,1.7074245428508483
00-0027150,Julian Edelman,34,21,WR,69.03613130645516
00-0027265,Victor Cruz,30,23,WR,54.867812293456694
00-0027322,David Nelson,28,24,WR,13.901740471469484
00-0027349,Stephen Williams,27,14,WR,0.0
00-0027450,Preston Parker,28,23,WR,11.417713152676798
00-0027518,Donald Jones,25,3,WR,36.120290812954394
00-0027654,Arrelious Benn,29,14,WR,4.758757435558493
00-0027681,Brandon LaFell,31,6,WR,50.05822553740597
00-0027685,Emmanuel Sanders,34,3,WR,62.29093312503755
00-0027687,Jordan Shipley,27,14,WR,17.64705882352941
00-0027690,Eric Decker,30,30,WR,53.669782519749475
00-0027691,Andre Roberts,33,17,WR,8.629453824430692
00-0027702,Mike Williams,27,3,WR,43.1350517735184
00-0027758,Riley Cooper,28,25,WR,41.92994051553205
00-0027789,Dezmon Briscoe,23,31,WR,1.4210178453403832
00-0027793,Antonio Brown,33,29,WR,68.33034909571592
00-0027874,Demaryius Thomas,32,24,WR,67.46805463758537
00-0027891,Golden Tate,32,23,WR,64.35029742233972
00-0027893,Damian Williams,25,30,WR,20.004406256884774
00-0027902,Dez Bryant,32,2,WR,72.68671513549239
00-0027942,A.J. Green,34,0,WR,71.16805864327345
00-0027944,Julio Jones,34,25,WR,67.77967020861932
00-0027964,Jon Baldwin,24,27,WR,13.527208636263492
00-0027982,Titus Young,23,10,WR,32.02247191011236
00-0027996,Torrey Smith,29,4,WR,40.222830705315836
00-0027997,Greg Little,25,6,WR,24.311522361753685
00-0028002,Randall Cobb,33,24,WR,42.30642127205247
00-0028017,Leonard Hankerson,27,1,WR,25.6146728354263
00-0028021,Jerrel Jernigan,25,23,WR,15.983696849526325
00-0028050,Greg Salas,28,3,WR,6.371447455386648
00-0028052,Cecil Shorts,29,29,WR,35.428949107732976
00-0028061,Tandon Doss,24,2,WR,11.026657854152896
00-0028091,Jeremy Kerley,30,3,WR,30.93876876593334
00-0028114,Dwayne Harris,29,23,WR,13.390614672835424
00-0028116,Aldrick Robinson,30,20,WR,16.16309445126365
00-0028237,Chris Hogan,33,22,WR,25.138283028567233
00-0028263,Andre Holmes,30,3,WR,9.732319894249835
00-0028400,Armon Binns,23,6,WR,18.076668869795107
00-0028411,Dontrelle Inman,31,31,WR,17.339722405816257
00-0028434,Doug Baldwin,30,28,WR,61.355160041544714
00-0028497,Kamar Aiken,29,25,WR,33.185723727693315
00-0028542,Lestar Jean,25,12,WR,6.796651244767569
00-0028825,Terrelle Pryor,29,24,WR,19.203569068076668
00-0028995,Stephen Hill,22,24,WR,20.88565763384005
00-0029000,Cole Beasley,33,3,WR,42.37917843337539
00-0029129,Rod Streater,30,7,WR,5.166336197400308
00-0029137,Alshon Jeffery,30,25,WR,50.85261070720423
00-0029159,Jermaine Kearse,28,24,WR,27.737229723350012
00-0029209,Ryan Broyles,26,10,WR,6.1412205331570835
00-0029262,Rueben Randle,24,23,WR,49.18043621943159
00-0029269,Travis Benjamin,32,27,WR,30.33248880076375
00-0029271,Joe Adams,23,4,WR,0.991407799074686
00-0029293,Marvin Jones,33,10,WR,52.53960624086203
00-0029319,Josh Bellamy,30,24,WR,12.581437069209704
00-0029336,Brittan Golden,29,0,WR,4.170522141440846
00-0029388,Deonte Thompson,29,8,WR,9.966008875460297
00-0029415,Keshawn Martin,25,21,WR,16.698612029081293
00-0029548,LaVon Brazill,24,13,WR,12.756113681427626
00-0029572,Jarius Wright,30,4,WR,25.41400455313211
00-0029580,Rishard Matthews,29,24,WR,33.100037767916156
00-0029608,T.Y. Hilton,33,8,WR,56.0375733541629
00-0029614,Chris Givens,26,2,WR,20.852610707204228
00-0029632,Mohamed Sanu,32,27,WR,40.10911494321937
00-0029638,Michael Floyd,29,31,WR,34.98961382305731
00-0029640,Brian Quick,29,31,WR,20.345891165454947
00-0029654,A.J. Jenkins,24,15,WR,5.370125578321216
00-0029664,Josh Gordon,31,30,WR,32.91106704854226
00-0029667,Nick Toon,26,22,WR,6.994932804582508
00-0029673,DeVier Posey,24,12,WR,3.9270764485569503
00-0029707,Justin Blackmon,23,14,WR,50.71601674377616
00-0029708,Kendall Wright,28,5,WR,49.05737575929248
00-0029848,Nick Williams,28,30,WR,3.73870896673276
00-0030000,Kenbrell Thompkins,27,24,WR,26.294337959903057
00-0030035,Adam Thielen,33,4,WR,59.951330889863605
00-0030043,Da'Rick Rogers,22,13,WR,14.937210839391936
00-0030047,Marquess Wilson,24,5,WR,14.623265036351619
00-0030068,Marquise Goodwin,33,7,WR,18.595806044583306
00-0030085,Kenny Stills,29,22,WR,43.745758977748395
00-0030091,Tavarres King,27,23,WR,8.18462216347213
00-0030113,Charles Johnson,27,20,WR,18.842256003525005
00-0030147,Russell Shepard,29,23,WR,11.652975797060396
00-0030187,Rashad Ross,26,31,WR,7.336417713152676
00-0030279,Keenan Allen,31,17,WR,83.36559342838257
00-0030290,Cobi Hamilton,27,12,WR,6.168759638686934
00-0030300,Jaron Brown,29,28,WR,16.64502879803607
00-0030400,Marlon Brown,24,2,WR,26.024454725710505
00-0030431,Robert Woods,31,12,WR,51.58124536842315
00-0030450,Quinton Patton,26,27,WR,18.466622604097818
00-0030460,Markus Wheaton,26,5,WR,23.725490196078432
00-0030474,Josh Boyce,22,21,WR,6.972901520158625
00-0030516,Brice Butler,28,19,WR,15.94183740912095
00-0030521,Justin Hunter,27,26,WR,13.785289396657536
00-0030525,Tavon Austin,30,14,WR,24.091209517514866
00-0030540,Aaron Dobson,24,21,WR,17.28905045164133
00-0030542,Terrance Williams,29,8,WR,44.04840587920562
00-0030550,Ace Sanders,23,14,WR,14.94161709627671
00-0030564,DeAndre Hopkins,31,30,WR,80.07560736245468
00-0030663,Willie Snead,29,16,WR,33.130724199792276
00-0030669,Albert Wilson,29,19,WR,23.913936361061275
00-0030670,Bennie Fowler,29,22,WR,15.99943348125767
00-0030671,Isaiah Burse,23,9,WR,0.0
00-0030691,Jeremy Butler,24,2,WR,22.24058162590879
00-0030737,Freddie Martino,27,29,WR,4.210178453403833
00-0030743,Bernard Reedy,26,29,WR,1.9167217448777263
00-0030801,Brandon Coleman,25,22,WR,25.25335977087464
00-0030807,Seantavius Jones,23,22,WR,0.0
00-0030821,Allen Hurns,28,19,WR,35.68595977716929
00-0030897,Corey Washington,23,23,WR,5.353602115003304
00-0030990,Josh Huff,25,25,WR,12.871777924653008
00-0031001,Jeff Janis,26,11,WR,4.567085261070721
00-0031021,Jared Abbrederis,27,10,WR,3.927076448556951
00-0031023,Quincy Enunwa,27,24,WR,34.43820224719101
00-0031025,Michael Campanaro,26,2,WR,8.688037012557832
00-0031051,John Brown,32,3,WR,34.08882279503562
00-0031053,Jalen Saunders,22,22,WR,0.5617977528089887
00-0031060,De'Anthony Thomas,26,2,WR,7.274730116765806
00-0031068,Ryan Grant,28,13,WR,13.586693104207974
00-0031118,Corey Brown,25,4,WR,26.65785415289711
00-0031166,Seth Roberts,29,4,WR,8.184622163472131
00-0031187,Robert Herron,22,29,WR,5.88235294117647
00-0031189,T.J. Jones,27,23,WR,8.715576118087682
00-0031228,Taylor Gabriel,28,5,WR,35.829163125924524
00-0031235,Odell Beckham,31,2,WR,60.001762502753905
00-0031236,Brandin Cooks,30,8,WR,68.18362074145287
00-0031257,Paul Richardson,27,31,WR,18.032606300947343
00-0031291,James Wright,25,6,WR,6.950870235734743
00-0031310,Devin Street,25,13,WR,3.062348534919585
00-0031315,Matt Hazel,25,13,WR,0.24234412866270105
00-0031319,Diontae Spencer,29,9,WR,1.3108614232209737
00-0031325,Sammy Watkins,29,11,WR,48.63038848498201
00-0031326,Bruce Ellington,27,12,WR,18.922670191672175
00-0031339,Donte Moncrief,27,21,WR,32.24553866490415
00-0031344,Cody Latimer,27,23,WR,13.812041670600822
00-0031359,Kelvin Benjamin,27,3,WR,43.85657633840052
00-0031373,Martavis Bryant,26,26,WR,49.52081956378056
00-0031381,Davante Adams,31,16,WR,90.03545033948205
00-0031382,Jarvis Landry,30,22,WR,63.74443710068296
00-0031408,Mike Evans,30,29,WR,82.04230006609384
00-0031428,Allen Robinson,30,26,WR,55.112059123956
00-0031431,Marqise Lee,28,14,WR,31.024454725710505
00-0031511,DeAndrew White,28,4,WR,1.5036351619299404
00-0031514,Quan Bray,24,13,WR,2.3683630755673053
00-0031544,Amari Cooper,29,7,WR,74.82296289302238
00-0031545,Kevin White,30,22,WR,4.890945142101784
00-0031547,DeVante Parker,30,21,WR,42.59969156201806
00-0031549,Nelson Agholor,30,2,WR,44.089740765219936
00-0031560,Jaelen Strong,23,14,WR,8.537122714254242
00-0031570,Justin Hardy,28,1,WR,15.443930381141218
00-0031588,Stefon Diggs,30,3,WR,84.12117206433135
00-0031600,Keith Mumphery,24,12,WR,6.68649482264816
00-0031684,Shane Wynn,24,14,WR,1.1235955056179774
00-0031697,Jordan Taylor,25,9,WR,13.108614232209737
00-0031757,Lucky Whitehead,24,8,WR,5.463758537122715
00-0031763,DeAndre Carter,30,16,WR,11.232807729833505
00-0031782,Eli Rogers,26,26,WR,26.18968935888962
00-0031787,Jake Kumerow,30,3,WR,6.5763384005287495
00-0031801,Jordan Leslie,26,7,WR,1.1896893588896231
00-0031818,Bradley Marquez,24,18,WR,2.2802379378717776
00-0031834,Larry Pinkard,25,14,WR,0.495703899537343
00-0031854,Chris Harper,23,27,WR,3.249614452522582
00-0031868,Damiere Byrd,29,1,WR,21.547776413936358
00-0031912,Cameron Meredith,26,22,WR,24.90416391275611
00-0031934,Devin Smith,27,8,WR,4.411764705882353
00-0031941,Jamison Crowder,30,31,WR,43.29000514063303
00-0031953,Geremy Davis,27,17,WR,1.5752368363075566
00-0031962,Mario Alford,23,6,WR,0.8261731658955717
00-0031972,Darius Jennings,27,30,WR,4.465741352720863
00-0032008,Donteea Dye,22,29,WR,9.980171844018505
00-0032009,Adam Humphries,28,31,WR,33.34434897554527
00-0032054,Breshad Perriman,29,29,WR,19.609416800428036
00-0032112,J.J. Nelson,26,0,WR,22.210839391936553
00-0032115,Kaelin Clay,25,3,WR,5.684071381361533
00-0032123,Tre McBride,25,5,WR,4.582507160167437
00-0032128,Chris Conley,31,27,WR,17.185870602922815
00-0032160,Tyrell Williams,29,10,WR,38.02599691562018
00-0032166,Sammie Coates,25,12,WR,6.797752808988763
00-0032170,Rashad Greene,26,14,WR,6.378056840713812
00-0032200,Ty Montgomery,30,21,WR,11.882730620338021
00-0032208,Phillip Dorsett,29,12,WR,22.22523840997073
00-0032211,Tyler Lockett,31,28,WR,68.65021664096349
00-0032218,Dorial Green-Beckham,23,25,WR,31.449658515091425
00-0032250,Kasen Williams,25,7,WR,2.42344128662701
00-0032355,Chester Rogers,27,30,WR,19.89204670632298
00-0032362,Maurice Harris,26,31,WR,12.403613130645514
00-0032365,Demarcus Ayers,22,26,WR,4.329147389292795
00-0032385,Sterling Shepard,30,23,WR,41.6584049350077
00-0032398,Chris Moore,30,30,WR,21.9691247285431
00-0032400,Malcolm Mitchell,23,21,WR,31.758096497025775
00-0032423,Trevor Davis,24,11,WR,4.185944040537564
00-0032441,Aaron Burbridge,23,27,WR,5.221414408460013
00-0032464,Kalif Raymond,29,10,WR,11.599471249173826
00-0032475,Tanner McEvoy,24,28,WR,9.334655210398765
00-0032482,Bralon Addison,23,5,WR,0.8261731658955717
00-0032543,Alex Erickson,31,17,WR,14.178783873099801
00-0032626,Geronimo Allison,27,10,WR,17.153558052434455
00-0032659,Roger Lewis,24,23,WR,16.192994051553203
00-0032688,Robbie Chosen,30,19,WR,7.468605419695968
00-0032694,Jalin Marshall,21,24,WR,14.937210839391936
00-0032707,Andy Jones,24,10,WR,8.261731658955716
00-0032724,Bryce Treggs,23,7,WR,4.064771976206212
00-0032728,Tevin Jones,27,26,WR,3.3377395902181095
00-0032739,Wendall Williams,26,12,WR,3.8003965631196297
00-0032760,Josh Doctson,26,31,WR,26.580744657413526
00-0032765,Michael Thomas,30,22,WR,81.18331602303842
00-0032775,Demarcus Robinson,29,18,WR,29.318525162874135
00-0032778,Tajae Sharpe,27,1,WR,17.64485569508702
00-0032791,Jakeem Grant,29,5,WR,14.0166178831083
00-0032795,Cody Core,25,23,WR,4.183740912095176
00-0032801,Daniel Braverman,23,5,WR,0.0
00-0032839,Hunter Sharp,23,23,WR,5.419695968274949
00-0032841,Paul Turner,23,25,WR,7.138136153337739
00-0032881,Tommylee Lewis,29,19,WR,4.333553646177571
00-0032926,K.J. Brent,24,13,WR,0.0
00-0032935,Johnny Holton,28,26,WR,1.8506278916060805
00-0032937,Max McCaffrey,23,14,WR,0.46265697290152014
00-0032951,Laquon Treadwell,27,28,WR,11.470824284770085
00-0032959,Charone Peake,26,24,WR,6.603877506058603
00-0032966,Corey Coleman,24,23,WR,14.43599911874862
00-0032974,Jordan Payton,23,7,WR,0.42961004626569727
00-0032977,Rashard Higgins,27,7,WR,18.43389041009662
00-0032980,Marcus Johnson,28,23,WR,10.428665848361817
00-0033006,Jaydon Mickens,27,14,WR,5.821766909010795
00-0033009,Tyler Boyd,29,6,WR,53.98325622383784
00-0033040,Tyreek Hill,29,19,WR,94.56561650877578
00-0033060,Leonte Carroo,24,19,WR,5.0231328486450755
00-0033069,Braxton Miller,25,12,WR,12.502753910552983
00-0033079,Ricardo Louis,23,7,WR,17.724168319013
00-0033087,Marquis Bundy,23,23,WR,0.0
00-0033094,Marvin Hall,27,10,WR,11.655651024454723
00-0033111,Pharoh Cooper,27,0,WR,6.631416611588455
00-0033114,Mike Thomas,28,6,WR,4.239448588424133
00-0033127,Will Fuller,27,19,WR,39.90022975482328
00-0033215,Cyril Grayson,28,29,WR,7.441066314166115
00-0033251,Zach Pascal,29,0,WR,32.826613791584045
00-0033282,Curtis Samuel,27,31,WR,45.59767727315646
00-0033292,Trent Taylor,29,5,WR,8.744216787838731
00-0033306,Victor Bolden,23,27,WR,0.6609385327164573
00-0033307,Kendrick Bourne,28,21,WR,35.27641393636107
00-0033352,Michael Clark,22,11,WR,2.676801057501652
00-0033367,C.J. Board,28,23,WR,3.089887640449437
00-0033375,Tim Patrick,28,9,WR,33.66820885657634
00-0033379,Tim White,24,2,WR,0.7931262392597488
00-0033382,Austin Carr,27,22,WR,3.8334434897554517
00-0033386,Cody Hollister,29,30,WR,1.5917602996254678
00-0033434,Bobo Wilson,24,29,WR,3.469927296761401
00-0033460,John Ross,26,23,WR,13.450099140779905
00-0033464,Jehu Chesson,25,31,WR,0.7050011015642211
00-0033466,Isaiah McKenzie,28,13,WR,16.599943348125766
00-0033471,Isaiah Ford,25,19,WR,10.898876404494379
00-0033474,Gehrig Dieter,27,15,WR,0.9253139458030403
00-0033481,Marcus Kemp,26,15,WR,1.0519938312403614
00-0033530,Robert Davis,24,25,WR,1.222736285525446
00-0033536,Mike Williams,29,17,WR,55.71003682371824
00-0033555,Mack Hollins,30,1,WR,16.223837849746637
00-0033562,Ryan Switzer,25,26,WR,6.752588675919806
00-0033572,Jamal Agnew,28,14,WR,21.27671293236395
00-0033573,Shelton Gibson,23,25,WR,0.6609385327164573
00-0033589,David Moore,26,9,WR,22.280237937871775
00-0033591,Noah Brown,26,12,WR,23.482201869511847
00-0033604,Krishawn Hogan,24,22,WR,0.46265697290152014
00-0033633,Tanner Gentry,28,3,WR,1.4320334875523242
00-0033681,Keelan Cole,29,16,WR,34.01158216095427
00-0033705,Andre Patton,25,17,WR,3.8334434897554526
00-0033717,Travis Rudolph,22,23,WR,5.98149372108394
00-0033733,Greg Ward,26,25,WR,26.265697290152016
00-0033773,Riley McCarron,25,21,WR,0.0
00-0033839,Dede Westbrook,28,20,WR,18.88742013659396
00-0033840,Chad Hansen,25,12,WR,9.429389733421457
00-0033855,Chris Thompson,23,12,WR,4.428288169200264
00-0033857,JuJu Smith-Schuster,27,21,WR,54.53096969124729
00-0033859,Josh Malone,24,24,WR,3.6737166776823087
00-0033871,Corey Davis,27,24,WR,39.02999402007993
00-0033891,Zay Jones,28,14,WR,33.24772605671482
00-0033908,Cooper Kupp,30,18,WR,78.32593711641961
00-0033911,Taywan Taylor,25,7,WR,7.35624586913417
00-0033916,ArDarius Stewart,24,24,WR,5.584930601454063
00-0033921,Chris Godwin,27,29,WR,72.07298649796996
00-0033932,Kenny Golladay,29,23,WR,42.208793629811474
00-0033933,Chad Williams,25,13,WR,6.069618858779466
00-0033937,Amara Darboh,23,28,WR,4.990085922009253
00-0033943,Josh Reynolds,28,10,WR,30.378387309980177
00-0033968,Stacy Coley,24,20,WR,0.0
00-0033994,Fred Brown,26,9,WR,1.3549239920687373
00-0034034,Rashard Davis,24,30,WR,0.8592200925313945
00-0034052,Brandon Zylstra,28,4,WR,8.469927296761401
00-0034054,River Cracraft,29,19,WR,4.692663582286847
00-0034081,Steven Mitchell,26,12,WR,2.467503855474774
00-0034104,Cam Sims,26,31,WR,12.951090548578982
00-0034132,Christian Blake,25,1,WR,4.780788719982374
00-0034207,Jeff Badet,26,31,WR,0.0
00-0034256,Da'Mari Scott,24,23,WR,1.5532055518836747
00-0034258,Derrick Willies,24,7,WR,3.007270323859881
00-0034267,Jaleel Scott,24,2,WR,0.5287508261731658
00-0034268,J'Mon Moore,23,11,WR,1.1566424322538003
00-0034272,Marquez Valdes-Scantling,29,15,WR,34.181537783652786
00-0034273,Damion Ratley,25,23,WR,9.280678563560254
00-0034279,Equanimeous St. Brown,27,5,WR,8.490857016964087
00-0034286,Richie James,28,15,WR,19.561577439964747
00-0034297,Byron Pringle,30,31,WR,17.680105750165232
00-0034309,Chad Beebe,26,20,WR,7.540207094073583
00-0034317,Keith Kirkwood,30,22,WR,11.731658955717117
00-0034339,Trey Quinn,24,31,WR,14.595725930821764
00-0034348,Courtland Sutton,28,9,WR,47.6388757750291
00-0034353,Anthony Miller,27,12,WR,36.030403172504954
00-0034366,Keke Coutee,25,13,WR,20.04626569729015
00-0034370,DaeSean Hamilton,25,9,WR,20.79753249614452
00-0034386,Justin Watson,28,15,WR,11.782330909892046
00-0034395,Daurice Fountain,25,13,WR,1.4210178453403832
00-0034406,Deon Cain,23,13,WR,7.0720423000660935
00-0034407,Ray-Ray McCloud,27,27,WR,11.251376955276491
00-0034411,Russell Gage,26,29,WR,36.48909451421018
00-0034418,Cedrick Wilson,28,19,WR,22.166556510244547
00-0034419,Braxton Berrios,28,19,WR,26.19563780568407
00-0034426,Javon Wims,26,5,WR,7.898215465961665
00-0034487,Trent Sherfield,27,3,WR,13.876561860699336
00-0034489,Jalen Tolliver,23,0,WR,2.214144084600132
00-0034499,Jawill Davis,23,23,WR,2.643754130865829
00-0034510,Robert Foster,26,31,WR,7.755012117206434
00-0034512,Cam Phillips,23,3,WR,0.6278916060806344
00-0034521,Allen Lazard,28,24,WR,34.12803323576621
00-0034560,J.J. Jones,26,17,WR,0.42961004626569727
00-0034593,Chris Lacy,23,10,WR,0.991407799074686
00-0034631,Vyncint Smith,25,24,WR,7.5941837409120945
00-0034646,Brandon Powell,27,20,WR,13.017184401850628
00-0034652,Cameron Batson,26,30,WR,6.350517735183962
00-0034653,Deontay Burnett,22,25,WR,4.174928398325622
00-0034660,Rico Gafford,24,16,WR,0.0
00-0034676,James Washington,26,8,WR,27.034589116545494
00-0034686,Auden Tate,24,6,WR,16.632518175809647
00-0034710,Darvin Kidsy,23,31,WR,0.5948446794448116
00-0034764,Michael Gallup,27,8,WR,42.70449752934881
00-0034765,Tre'Quan Smith,26,22,WR,26.492619519717994
00-0034772,Antonio Callaway,23,19,WR,10.316148931482704
00-0034775,Christian Kirk,27,14,WR,57.37261196613477
00-0034777,D.J. Chark,27,4,WR,28.69732162527932
00-0034827,D.J. Moore,26,5,WR,75.76558713372988
00-0034837,Calvin Ridley,29,14,WR,59.65851509142982
00-0034854,KhaDarel Hodge,28,1,WR,6.563749095143675
00-0034860,Dante Pettis,27,5,WR,19.919806124697068
00-0034867,Malik Turner,25,8,WR,12.651465080414185
00-0034922,Ishmael Hyman,24,29,WR,1.7845340383344348
00-0034928,Steven Sims,25,26,WR,17.641551002423437
00-0034930,Trinity Benson,24,10,WR,6.444150693985459
00-0034960,Jakobi Meyers,27,16,WR,54.984357788059036
00-0034983,Hunter Renfrow,28,16,WR,37.45869134170522
00-0035006,Olabisi Johnson,23,20,WR,15.994712491738268
00-0035021,Ashton Dulin,25,13,WR,8.298083278255122
00-0035022,Penny Hart,26,28,WR,2.7594183740912093
00-0035045,D.J. Montgomery,27,13,WR,3.9435999118748617
00-0035101,Davion Davis,25,12,WR,0.8922670191672174
00-0035104,Alexander Hollins,23,20,WR,2.181097157964309
00-0035126,Antoine Wesley,24,0,WR,19.101123595505616
00-0035140,Mecole Hardman,25,24,WR,29.98898435778806
00-0035164,Cody Thompson,27,28,WR,0.6609385327164573
00-0035181,Darrius Shepherd,25,11,WR,1.2998457810090327
00-0035208,Olamide Zaccheaus,26,25,WR,24.051553205551883
00-0035215,Deonte Harty,26,3,WR,15.366820885657633
00-0035216,Diontae Johnson,27,26,WR,63.76514650804141
00-0035246,J.J. Arcega-Whiteside,25,25,WR,6.752588675919806
00-0035287,KeeSean Johnson,24,0,WR,11.874862304472348
00-0035297,Kelvin Harmon,23,31,WR,22.121612690019827
00-0035298,Scott Miller,26,1,WR,17.492839832562236
00-0035313,Terry Godwin,24,14,WR,2.148050231328486
00-0035341,Trenton Irwin,28,6,WR,11.146728354263054
00-0035350,Preston Williams,24,19,WR,20.273187926856135
00-0035359,David Sills,26,23,WR,7.138136153337739
00-0035374,Michael Walker,23,14,WR,1.1566424322538003
00-0035399,Stanley Morgan,25,6,WR,1.0905485789821545
00-0035401,Damion Willis,22,6,WR,5.684071381361533
00-0035406,Lil'Jordan Humphrey,25,9,WR,8.14937210839392
00-0035414,Jalen Guyton,26,17,WR,13.948006168759635
00-0035432,Jason Moore,27,17,WR,1.0244547257105088
00-0035457,Tyron Johnson,26,16,WR,13.631857237276932
00-0035480,Malik Taylor,28,24,WR,1.938753029301608
00-0035500,Greg Dortch,25,0,WR,26.503635161929935
00-0035510,Jeff Smith,25,24,WR,5.648380700594844
00-0035527,Andy Isabella,26,0,WR,8.159286186384666
00-0035535,Darius Slayton,26,23,WR,45.503414849085694
00-0035544,Tom Kennedy,26,10,WR,7.116104868913857
00-0035548,Ventell Bryant,23,8,WR,2.8089887640449436
00-0035590,Riley Ridley,24,5,WR,3.161489314827054
00-0035592,Travis Fulgham,25,25,WR,25.534258647279135
00-0035593,Juwann Winfree,27,13,WR,0.8922670191672174
00-0035597,John Ursua,25,28,WR,0.6939854593522802
00-0035624,N'Keal Harry,25,5,WR,16.364838070059484
00-0035639,Parris Campbell,26,23,WR,21.76470588235294
00-0035640,DK Metcalf,26,28,WR,73.57567746199602
00-0035645,Gunner Olszewski,27,26,WR,2.4058162590879046
00-0035659,Terry McLaurin,28,31,WR,70.72042300066093
00-0035662,Marquise Brown,26,0,WR,55.492399206873756
00-0035676,A.J. Brown,26,25,WR,86.6975104648601
00-0035703,Miles Boykin,27,26,WR,9.592421238158183
00-0035719,Deebo Samuel,27,27,WR,60.3586693104208
00-0035844,Kirk Merritt,24,19,WR,0.7600793126239258
00-0035864,Kendall Hinton,25,9,WR,16.671072923551442
00-0035869,Austin Mack,23,23,WR,5.320555188367482
00-0035891,Cody White,23,26,WR,2.7428949107732983
00-0035934,Trishton Jackson,25,20,WR,1.0244547257105088
00-0036080,Easop Winston,25,22,WR,0.495703899537343
00-0036100,Isaiah Zuber,23,21,WR,2.3132848645076005
00-0036110,Ja'Marcus Bradley,25,7,WR,3.502974223397224
00-0036133,James Proche,27,7,WR,6.470588235294116
00-0036142,Isaiah Wright,23,31,WR,15.961665565102445
00-0036165,Isaiah Hodgins,25,23,WR,27.957699933906145
00-0036182,Nick Westbrook-Ikhine,26,30,WR,27.052214144084598
00-0036196,Gabe Davis,24,3,WR,50.72372769332452
00-0036219,Marquez Callaway,24,22,WR,26.28883013879709
00-0036228,Dezmon Patmon,24,13,WR,2.081956378056841
00-0036233,Donovan Peoples-Jones,24,7,WR,29.78189028420356
00-0036247,Freddie Swain,24,9,WR,14.656311962987438
00-0036252,Michael Pittman,26,13,WR,59.00859220092531
00-0036254,Collin Johnson,26,5,WR,12.629433795990307
00-0036255,Denzel Mims,25,24,WR,10.48138356466182
00-0036259,Jauan Jennings,26,27,WR,22.135933024895348
00-0036261,Brandon Aiyuk,25,27,WR,67.24388631857236
00-0036268,Laviska Shenault,25,4,WR,23.569068076668866
00-0036271,Quez Watkins,25,25,WR,24.22339722405816
00-0036277,Quintez Cephus,24,10,WR,16.490416391275613
00-0036309,Darnell Mooney,26,5,WR,41.16986120290813
00-0036322,Justin Jefferson,24,20,WR,99.19101123595506
00-0036326,Chase Claypool,25,19,WR,34.20224719101123
00-0036331,Devin Duvernay,26,2,WR,23.159286186384666
00-0036340,Antonio Gandy-Golden,22,31,WR,1.1566424322538003
00-0036345,K.J. Osborn,26,20,WR,46.84952632738487
00-0036357,Henry Ruggs,22,16,WR,27.395902181097156
00-0036358,CeeDee Lamb,24,8,WR,92.63582286847323
00-0036364,Lynn Bowden,26,22,WR,10.859220092531395
00-0036365,Bryan Edwards,24,1,WR,20.522141440845996
00-0036377,Joe Reed,22,17,WR,2.941176470588235
00-0036382,K.J. Hill,24,17,WR,2.897113901740471
00-0036387,Jalen Reagor,24,21,WR,17.89491077329808
00-0036398,John Hightower,24,25,WR,8.922670191672173
00-0036407,Jerry Jeudy,24,9,WR,47.99735624586913
00-0036410,Tee Higgins,24,6,WR,60.51222736285525
00-0036412,K.J. Hamler,23,9,WR,17.67459792905926
00-0036415,Van Jefferson,27,1,WR,29.46133509583608
00-0036427,Tyler Johnson,23,29,WR,20.367922449878826
00-0036439,Tyrie Cleveland,25,9,WR,1.4705882352941175
00-0036482,Mike Strachan,26,4,WR,1.8561357127120508
00-0036491,Tarik Black,23,24,WR,0.6609385327164573
00-0036497,Tim Jones,25,14,WR,3.4478960123375186
00-0036527,D.J. Turner,25,16,WR,0.8592200925313945
00-0036550,Rashod Bateman,24,2,WR,23.959021810971578
00-0036554,Nico Collins,24,12,WR,39.50760079312623
00-0036572,Shi Smith,24,4,WR,10.222515972681206
00-0036613,Jaylen Waddle,25,19,WR,80.65653227583168
00-0036620,D'Wayne Eskridge,26,28,WR,3.161489314827054
00-0036626,Dyami Brown,24,31,WR,10.181758096497026
00-0036627,Dez Fitzpatrick,24,30,WR,5.254461335095836
00-0036630,Tylan Wallace,24,2,WR,1.6303150473672614
00-0036635,Ihmir Smith-Marsette,24,4,WR,5.887860762282441
00-0036646,Simi Fehoko,26,17,WR,2.059925093632959
00-0036652,Racey McMath,23,30,WR,1.3879709187045604
00-0036657,Seth Williams,21,9,WR,1.4540647719762063
00-0036671,Dax Milne,23,31,WR,5.045164133068957
00-0036841,Austin Trammell,25,18,WR,1.487111698612029
00-0036849,Tutu Atwell,24,18,WR,30.905485789821544
00-0036862,Ben Skowronek,26,18,WR,14.485569508702355
00-0036877,Jaelon Darden,23,29,WR,3.040317250495704
00-0036900,Ja'Marr Chase,23,6,WR,87.56554307116104
00-0036912,DeVonta Smith,25,25,WR,72.09737827715355
00-0036913,Kadarius Toney,24,15,WR,22.755012117206434
00-0036918,Jacob Harris,25,18,WR,0.5287508261731658
00-0036936,Rondale Moore,23,0,WR,33.20665344789602
00-0036951,Frank Darby,25,1,WR,0.8041418814716896
00-0036955,Terrace Marshall,23,4,WR,19.33795990306235
00-0036959,Michael Bandy,25,17,WR,6.245869134170521
00-0036963,Amon-Ra St. Brown,24,10,WR,94.9074686054197
00-0036980,Elijah Moore,23,7,WR,39.74994492178894
00-0036988,Josh Palmer,24,17,WR,39.62326503635162
00-0036991,Amari Rodgers,24,13,WR,7.749504296100463
00-0036999,Anthony Schwartz,22,7,WR,7.600793126239259
00-0037055,Lance McCutcheon,23,18,WR,0.0
00-0037091,Bo Melton,24,11,WR,15.168539325842696
00-0037093,Dareke Young,23,28,WR,1.4540647719762063
00-0037098,Samori Toure,25,11,WR,5.99250936329588
00-0037132,Britain Covey,26,25,WR,2.7098479841374745
00-0037156,Irvin Charles,26,24,WR,0.0
00-0037216,Justyn Ross,24,15,WR,3.734302709847984
00-0037238,Drake London,22,1,WR,58.4886538885217
00-0037239,Chris Olave,23,22,WR,69.43159286186385
00-0037240,Jameson Williams,22,10,WR,19.354483366380258
00-0037247,George Pickens,22,26,WR,59.363295880149806
00-0037257,David Bell,23,7,WR,15.730337078651685
00-0037261,Khalil Shakir,23,3,WR,28.475435117867367
00-0037272,Montrell Washington,24,9,WR,2.3793787177792463
00-0037273,Kyle Philips,24,30,WR,9.032826613791583
00-0037291,Jalen Nailor,24,20,WR,7.898215465961665
00-0037355,Braylon Sanders,23,19,WR,0.23132848645076007
00-0037382,Brandon Johnson,25,9,WR,12.778144965851508
00-0037387,Jalen Virgil,24,9,WR,5.122273628552544
00-0037487,Deven Thompkins,24,29,WR,11.202908129543951
00-0037545,Rashid Shaheed,25,22,WR,40.16303150473672
00-0037570,Dennis Houston,23,8,WR,1.1896893588896231
00-0037614,John Metchie,23,12,WR,10.641110376734964
00-0037664,Alec Pierce,23,13,WR,35.250055078211055
00-0037666,Jalen Tolbert,24,8,WR,13.747521480502312
00-0037740,Garrett Wilson,23,24,WR,71.07292355144305
00-0037741,Jahan Dotson,23,31,WR,45.64882132628331
00-0037742,Treylon Burks,23,30,WR,23.804802820004404
00-0037745,Velus Jones,26,5,WR,9.374311522361753
00-0037816,Romeo Doubs,23,11,WR,49.50429610046266
00-0037828,Danny Gray,23,27,WR,0.9583608724388631
00-0037837,Calvin Austin,24,26,WR,17.41573033707865
00-0038090,Skyy Moore,23,15,WR,16.798854373209956
00-0038092,Erik Ezukanma,23,19,WR,0.5287508261731658
00-0038104,Tyquan Thornton,23,21,WR,17.60299625468165
00-0038117,Wan'Dale Robinson,22,23,WR,35.029742233972236
00-0038124,Christian Watson,24,11,WR,47.3121833002864
00-0038393,Dontayvion Wicks,22,11,WR,39.24653007270324
00-0038465,Malik Heath,23,11,WR,11.07072042300066
00-0038492,Jason Brownlee,24,24,WR,5.485789821546597
00-0038496,Xavier Gipson,22,24,WR,18.737607402511564
00-0038543,Jaxon Smith-Njigba,21,28,WR,49.50429610046266
00-0038544,Quentin Johnston,22,17,WR,31.064111037673495
00-0038559,Michael Wilson,23,0,WR,39.1606080634501
00-0038563,Tre Tucker,22,16,WR,23.727693324520818
00-0038573,Derius Davis,23,17,WR,10.475875743555848
00-0038576,Charlie Jones,25,6,WR,4.857898215465961
00-0038606,Parker Washington,21,14,WR,12.623925974884337
00-0038608,Kayshon Boutte,21,21,WR,1.2888301387970917
00-0038612,A.T. Perry,24,22,WR,20.026437541308656
00-0038618,Xavier Hutchinson,23,12,WR,7.237276933245208
00-0038619,Andrei Iosivas,24,6,WR,16.72174487772637
00-0038621,Demario Douglas,23,21,WR,35.09583608724388
00-0038627,Antoine Green,24,10,WR,0.3965631196298744
00-0038632,Colton Dowell,24,30,WR,0.42961004626569727
00-0038640,Jalen Brooks,23,8,WR,4.097818902842035
00-0038647,Ronnie Bell,23,27,WR,10.178453403833442
00-0038667,Elijah Cooks,25,14,WR,2.2471910112359548
00-0038752,Jake Bobo,25,28,WR,18.80370125578321
00-0038821,Rakim Jarrett,22,29,WR,3.3046926635822866
00-0038938,Jalin Hyatt,22,23,WR,19.927296761401188
00-0038941,Tyler Scott,22,5,WR,11.53337739590218
00-0038976,Marvin Mims,21,9,WR,22.70323859881031
00-0038977,Tank Dell,24,12,WR,54.514210178453396
00-0038979,Cedric Tillman,23,7,WR,16.589557171183078
00-0038994,Jordan Addison,21,20,WR,73.132848645076
00-0038997,Josh Downs,22,13,WR,51.91672174487772
00-0039052,Trey Palmer,22,29,WR,30.30403172504957
00-0039062,Jonathan Mingo,22,4,WR,30.006609385327163
00-0039064,Zay Flowers,23,2,WR,67.61401189689359
00-0039067,Rashee Rice,23,15,WR,69.89424983476536
00-0039075,Puka Nacua,22,18,WR,98.64507600793125
00-0039146,Jayden Reed,23,11,WR,71.18307997356246
00-0022178,Willis McGahee,32,7,RB,25.27937395650883
00-0022217,Mewelde Moore,30,13,RB,5.746243431767201
00-0022736,Steven Jackson,32,21,RB,31.48142457671389
00-0022821,Michael Turner,30,1,RB,53.713548228497686
00-0022984,Ryan Grant,30,11,RB,8.173800817380084
00-0023439,Cedric Benson,30,11,RB,16.74707310327874
00-0023500,Frank Gore,37,24,RB,43.08214430821444
00-0023545,Brandon Jacobs,31,23,RB,9.925329563961531
00-0023564,Darren Sproles,36,25,RB,31.99271391355711
00-0024204,Fred Jackson,34,28,RB,39.59684110254126
00-0024217,Reggie Bush,31,3,RB,26.22786262278626
00-0024242,DeAngelo Williams,33,26,RB,40.50026119288327
00-0024275,Maurice Jones-Drew,28,14,RB,36.056909319976654
00-0024332,Leon Washington,32,30,RB,6.1457149002857765
00-0024813,Pierre Thomas,31,31,RB,46.492333220661905
00-0025394,Adrian Peterson,36,30,RB,41.34445893964071
00-0025399,Marshawn Lynch,33,28,RB,51.07498796464166
00-0025439,Brian Leonard,29,29,RB,16.234930194921592
00-0025450,Brandon Jackson,27,7,RB,2.888486003134315
00-0025487,Michael Bush,29,5,RB,22.872302287230234
00-0025631,Jason Snelling,30,1,RB,24.808202480820253
00-0025637,Ahmad Bradshaw,29,13,RB,27.240881295516704
00-0025860,BenJarvus Green-Ellis,28,6,RB,49.104262053283364
00-0026019,Danny Woodhead,32,2,RB,39.332575361828965
00-0026144,Darren McFadden,30,8,RB,11.425908285447974
00-0026153,Jonathan Stewart,31,23,RB,27.911422689101457
00-0026162,Felix Jones,26,26,RB,28.62878857716458
00-0026163,Rashard Mendenhall,26,0,RB,32.265003226500326
00-0026164,Chris Johnson,32,0,RB,48.12826399649988
00-0026184,Matt Forte,32,24,RB,69.17880079543112
00-0026195,Ray Rice,26,2,RB,75.54107898267935
00-0026204,Kevin Smith,26,10,RB,13.305472759118707
00-0026213,Jamaal Charles,32,14,RB,56.335354102923176
00-0026262,Tashard Choice,29,3,RB,7.907486505034367
00-0026289,Tim Hightower,30,22,RB,34.82571776828606
00-0026316,Jalen Parmele,27,14,RB,8.388900838890086
00-0026367,Peyton Hillis,28,23,RB,13.21328703561442
00-0026373,Justin Forsett,31,10,RB,33.20734617787748
00-0026432,Lance Ball,27,9,RB,11.55394401253726
00-0026566,Isaac Redman,29,26,RB,18.580544715197334
00-0026579,Kahlil Bell,26,5,RB,2.427557385612882
00-0026796,Arian Foster,30,19,RB,60.04568314742547
00-0026855,Antone Smith,31,29,RB,8.08980938040951
00-0026899,Shonn Greene,29,30,RB,23.748066660520955
00-0026932,Cedric Peerman,30,6,RB,6.615862090157637
00-0026941,Bernard Scott,29,2,RB,1.2598715545585844
00-0026956,LaRod Stephens-Howling,26,26,RB,19.604830531911627
00-0026988,Knowshon Moreno,27,19,RB,48.62284771942765
00-0027003,Donald Brown,26,13,RB,28.936074322178865
00-0027029,LeSean McCoy,32,29,RB,55.04648550464856
00-0027080,Mike Goodson,26,24,RB,3.0728574501428882
00-0027094,Andre Brown,27,23,RB,31.066588820944602
00-0027120,Javon Ringer,25,30,RB,1.7208001720800175
00-0027155,Rashad Jennings,31,23,RB,42.614387118581575
00-0027218,Joique Bell,30,5,RB,44.0279015456473
00-0027325,LeGarrette Blount,32,10,RB,35.464067321916936
00-0027346,Alfonso Smith,27,27,RB,3.713036085589324
00-0027531,Chris Ivory,30,3,RB,34.92192747178459
00-0027651,Dexter McCluster,27,30,RB,25.04378821866454
00-0027666,Montario Hardesty,25,7,RB,11.277386842024402
00-0027712,Joe McKnight,26,15,RB,6.7705292484814965
00-0027772,Anthony Dixon,28,3,RB,12.432781243278127
00-0027779,Deji Karim,27,12,RB,1.843714470085733
00-0027786,Jonathan Dwyer,25,0,RB,19.092687623554482
00-0027791,James Starks,30,11,RB,29.880465845189445
00-0027861,C.J. Spiller,29,24,RB,36.35600077845723
00-0027864,Ryan Mathews,29,25,RB,41.53478986776471
00-0027888,Toby Gerhart,28,14,RB,15.155332944104725
00-0027890,Ben Tate,26,7,RB,26.667281238156697
00-0027966,Mark Ingram,33,22,RB,47.89560478956049
00-0027976,Ryan Williams,22,0,RB,6.698829241311497
00-0027994,Shane Vereen,28,23,RB,33.678517653566054
00-0027995,Mikel Leshoure,23,10,RB,18.642001864200186
00-0028000,Daniel Thomas,27,19,RB,25.965645453707406
00-0028009,DeMarco Murray,29,30,RB,72.65551951044992
00-0028011,Stevan Ridley,29,26,RB,10.942664869776694
00-0028034,Alex Green,25,24,RB,16.398815925595883
00-0028043,Roy Helu,26,31,RB,31.01537453010889
00-0028053,Kendall Hunter,25,27,RB,17.632056048919893
00-0028057,Delone Carter,25,13,RB,9.986786712964387
00-0028063,Taiwan Jones,32,3,RB,0.42712718556986146
00-0028064,Bilal Powell,31,24,RB,32.53814611095747
00-0028068,Jamie Harper,23,30,RB,7.006114986325786
00-0028074,Anthony Sherman,32,15,RB,2.5504716836185977
00-0028083,Jacquizz Rodgers,28,29,RB,31.359607727797513
00-0028087,Dion Lewis,30,23,RB,29.197633021804123
00-0028115,Evan Royster,26,31,RB,5.04972907640148
00-0028121,Jordan Todman,26,13,RB,5.393889110817484
00-0028159,Da'Rel Scott,25,23,RB,4.332729004701473
00-0028163,Anthony Allen,24,2,RB,4.701471898718619
00-0028170,Baron Batch,25,26,RB,5.531143410257199
00-0028198,Matt Asiata,29,20,RB,29.19009720472401
00-0028202,Shaun Draughn,29,27,RB,17.90554036198261
00-0028409,DuJuan Harris,28,27,RB,7.792766493562365
00-0028416,Richard Murphy,26,14,RB,2.827028854131457
00-0028565,Armando Allen,23,5,RB,6.760286390314354
00-0028613,Phillip Tanner,25,8,RB,4.2200575648629
00-0028736,William Powell,24,0,RB,16.562701656270168
00-0029004,Lance Dunbar,27,18,RB,8.337686548054371
00-0029048,Joe Banyard,28,14,RB,4.988271927398623
00-0029104,Jonas Gray,25,19,RB,18.232287537514473
00-0029140,Chris Rainey,25,13,RB,8.030400803040083
00-0029141,Alfred Morris,32,23,RB,41.42143557071498
00-0029205,Travaris Cadet,29,4,RB,11.590159832485373
00-0029239,Brandon Bolden,33,16,RB,10.899332258764396
00-0029251,David Wilson,22,23,RB,11.984144055557264
00-0029260,LaMichael James,25,19,RB,2.0536930625121634
00-0029264,Bernard Pierce,24,14,RB,18.443290415757616
00-0029273,Robert Turbin,29,13,RB,13.767498825729477
00-0029298,Cyrus Gray,25,15,RB,3.25210746806789
00-0029317,Edwin Baker,22,7,RB,13.151829886611562
00-0029429,Bryce Brown,24,28,RB,14.602218603079006
00-0029438,Chris Polk,26,12,RB,14.114658554323
00-0029441,Jeremy Stewart,25,9,RB,0.6760286390314355
00-0029510,Jonathan Grimes,27,12,RB,10.287926743078392
00-0029547,Vick Ballard,23,13,RB,27.655717051285993
00-0029588,Dan Herron,26,3,RB,4.858187628675906
00-0029612,Daryl Richardson,26,26,RB,0.21510002151000218
00-0029613,Doug Martin,28,29,RB,50.656786698331736
00-0029615,Lamar Miller,27,12,RB,57.01686998740129
00-0029626,Isaiah Pead,27,19,RB,1.1676858310542975
00-0029675,Trent Richardson,23,13,RB,59.85414169969988
00-0029683,Ronnie Hillman,25,20,RB,25.99842259984226
00-0029731,Fozzy Whittaker,28,4,RB,13.805324237675281
00-0029795,Benny Cunningham,28,5,RB,8.148193671962225
00-0029854,C.J. Anderson,28,10,RB,27.983854328997687
00-0030078,Johnathan Franklin,24,11,RB,8.204529391881511
00-0030107,Theo Riddick,29,16,RB,34.90766063362321
00-0030117,Kerwynn Williams,26,0,RB,11.99028977045755
00-0030128,Michael Cox,25,23,RB,2.1407573569328786
00-0030248,Cierre Wood,24,3,RB,0.256071454178574
00-0030280,Knile Davis,25,15,RB,15.481055833819871
00-0030282,Stepfan Taylor,25,0,RB,5.005684786282766
00-0030287,Andre Ellington,28,0,RB,33.04960616210348
00-0030288,Rex Burkhead,32,12,RB,21.86986790127251
00-0030348,Khiry Robinson,27,24,RB,13.247088467565991
00-0030388,Joseph Randle,24,8,RB,18.949287609214476
00-0030391,Mike James,25,29,RB,4.029540402954041
00-0030404,Chris Thompson,30,14,RB,28.81352584053626
00-0030414,Spencer Ware,28,15,RB,17.443587458644465
00-0030432,Christine Michael,28,13,RB,12.942875580001846
00-0030433,Mike Gillislee,28,22,RB,16.558604513003313
00-0030456,Giovani Bernard,31,29,RB,36.51510650865352
00-0030465,Kenjon Barner,32,29,RB,3.9846425413213975
00-0030485,Eddie Lacy,27,28,RB,35.74142928842865
00-0030496,Le'Veon Bell,29,2,RB,78.78721145014973
00-0030513,Latavius Murray,33,3,RB,38.438154354019524
00-0030522,Montee Ball,24,9,RB,25.21791680750597
00-0030536,Zac Stacy,24,24,RB,9.34148664843438
00-0030547,Denard Robinson,26,14,RB,25.013059644163107
00-0030578,Cordarrelle Patterson,32,1,RB,33.12028188345677
00-0030656,Isaiah Crowell,25,24,RB,44.247098710424154
00-0030668,Charcandrick West,27,15,RB,23.675342367534242
00-0030705,Juwan Thompson,24,9,RB,5.597721988343629
00-0030711,David Fluellen,26,30,RB,0.5428714828585769
00-0030789,Antonio Andrews,24,30,RB,12.7462127031927
00-0030860,Orleans Darkwa,25,23,RB,20.864702086470214
00-0030874,Damien Williams,30,1,RB,23.446755916104166
00-0030999,Marion Grice,22,0,RB,6.1457149002857765
00-0031008,Silas Redd,22,31,RB,9.894600989460102
00-0031045,Carlos Hyde,31,14,RB,34.47660701908928
00-0031055,Andre Williams,25,17,RB,12.849665570680843
00-0031057,Ka'Deem Carey,24,5,RB,8.921529463581518
00-0031062,James White,29,21,RB,41.54161843987614
00-0031066,Lorenzo Taliaferro,25,2,RB,6.084257751282919
00-0031075,Alfred Blue,27,12,RB,25.568222556822263
00-0031102,Kapri Bibbs,25,31,RB,14.488522877423716
00-0031123,Darrin Reaves,21,4,RB,4.885843345727192
00-0031158,George Atkinson,24,7,RB,2.888486003134315
00-0031209,Senorise Perry,29,30,RB,0.41176289831914703
00-0031243,Storm Johnson,22,14,RB,6.514457794302923
00-0031277,Branden Oliver,26,17,RB,5.193129090741481
00-0031285,Devonta Freeman,29,2,RB,46.34722606329404
00-0031301,Jeremy Hill,26,21,RB,25.06017679173197
00-0031332,Fitzgerald Toussaint,27,26,RB,2.5596902559690258
00-0031375,Terrance West,26,2,RB,26.6816212395907
00-0031376,Jerick McKinnon,31,15,RB,36.57110079996723
00-0031390,Charles Sims,27,29,RB,30.667117352426025
00-0031392,Dri Archer,23,26,RB,4.086900408690042
00-0031413,Bishop Sankey,23,30,RB,21.77631646334594
00-0031493,Jarryd Hayne,27,27,RB,4.271271855698615
00-0031569,Jeremy Langford,27,1,RB,18.964651896465192
00-0031577,Javorius Allen,28,23,RB,23.05872230587223
00-0031590,Jay Ajayi,26,25,RB,21.800899322947078
00-0031599,Cameron Artis-Payne,28,4,RB,6.870909258519498
00-0031611,Josh Robinson,23,13,RB,3.1343145991457457
00-0031665,Zach Zenner,28,0,RB,6.682440668244069
00-0031682,Terron Ward,25,1,RB,6.632250663225067
00-0031687,Raheem Mostert,31,19,RB,32.007102690506194
00-0031731,Corey Grant,27,14,RB,9.710229542451527
00-0031743,Akeem Hunt,24,15,RB,4.1637218449436135
00-0031768,Terrence Magee,23,28,RB,0.4199571848528614
00-0031793,Terrell Watson,24,26,RB,0.24582859601143106
00-0031806,Malcolm Brown,29,18,RB,13.448141140732483
00-0031897,Thomas Rawls,24,28,RB,28.77731002058815
00-0031900,Rod Smith,26,8,RB,7.118786426164359
00-0031939,Matt Jones,25,13,RB,24.54188816847454
00-0031959,Marcus Murphy,27,3,RB,5.451249116553485
00-0032048,Mack Brown,25,31,RB,4.609286175214333
00-0032058,Tevin Coleman,28,24,RB,32.4405950807942
00-0032063,Mike Davis,29,2,RB,22.91498086292666
00-0032104,Ameer Abdullah,30,16,RB,15.834093011980732
00-0032133,David Cobb,22,30,RB,6.575914943305781
00-0032144,Melvin Gordon,29,9,RB,61.18498162870226
00-0032152,Karlos Williams,22,3,RB,37.88833236026181
00-0032187,David Johnson,31,22,RB,59.10214519592881
00-0032209,T.J. Yeldon,27,3,RB,30.364221403769086
00-0032241,Todd Gurley,26,1,RB,92.99900644275779
00-0032257,Duke Johnson,28,19,RB,47.02788837625823
00-0032298,Bronson Hill,24,0,RB,0.20485716334285925
00-0032371,Rob Kelley,26,31,RB,24.83893105532168
00-0032377,Josh Ferguson,26,31,RB,5.776972006268629
00-0032393,C.J. Prosise,26,12,RB,5.25458623974434
00-0032404,Tyler Ervin,27,11,RB,3.081051736676603
00-0032411,Kenneth Dixon,24,2,RB,21.428059285663075
00-0032417,Paul Perkins,25,10,RB,11.431029714531546
00-0032426,Alex Collins,27,28,RB,27.280828442368556
00-0032450,Dwayne Washington,28,22,RB,4.513808104442036
00-0032540,Tra Carson,27,10,RB,3.2572288971514616
00-0032577,D.J. Foster,27,0,RB,4.56319331346219
00-0032593,Brandon Wilds,25,14,RB,1.5261858669043014
00-0032602,J.D. McKissic,29,31,RB,35.54271783998608
00-0032636,Don Jackson,23,11,RB,0.9833143840457242
00-0032741,Peyton Barber,27,16,RB,25.699331141361693
00-0032764,Derrick Henry,29,30,RB,78.71892572903545
00-0032780,Jordan Howard,27,25,RB,31.80261134352645
00-0032782,Wendell Smallwood,25,31,RB,20.864702086470214
00-0032804,Daniel Lasco,24,22,RB,1.9359001935900197
00-0032813,Elijhaa Penny,28,23,RB,7.475237890380934
00-0032940,DeAndre Washington,27,19,RB,5.25458623974434
00-0032964,Byron Marshall,24,31,RB,3.6720646529207515
00-0032972,Devontae Booker,29,23,RB,29.252139659907847
00-0032975,Jonathan Williams,28,31,RB,7.725163629659221
00-0033025,Jalen Richard,28,16,RB,10.601358202992964
00-0033045,Ezekiel Elliott,28,21,RB,83.81389409567514
00-0033118,Kenyan Drake,28,2,RB,43.23949411986779
00-0033164,Troymaine Pope,27,17,RB,4.230300423030044
00-0033280,Christian McCaffrey,27,27,RB,100.0
00-0033293,Aaron Jones,29,11,RB,59.15360336433994
00-0033295,Elijah McGuire,24,24,RB,24.039988118284533
00-0033296,Alex Armah,29,31,RB,2.8946317180346006
00-0033304,Devante Mays,23,11,RB,0.030728574501428883
00-0033308,Matt Breida,28,23,RB,24.36336978327576
00-0033373,Taquan Mizzell,25,5,RB,7.1904864333343586
00-0033384,LeShun Daniels,22,31,RB,0.43020004302000436
00-0033413,De'Veon Smith,23,19,RB,1.7515287465814464
00-0033526,Samaje Perine,28,9,RB,27.53572928418518
00-0033553,James Conner,28,0,RB,62.703851168344315
00-0033556,Tarik Cohen,25,5,RB,45.40146882586117
00-0033567,Brian Hill,25,1,RB,10.355529606981536
00-0033581,De'Angelo Henderson,26,24,RB,2.5299859672843112
00-0033594,Chris Carson,27,28,RB,43.482981491155286
00-0033596,Matthew Dayes,22,7,RB,2.5197431091171683
00-0033699,Austin Ekeler,28,17,RB,71.17835303620267
00-0033725,Corey Clement,28,0,RB,11.150375400751825
00-0033748,Tion Green,24,10,RB,9.802415265955814
00-0033760,Justin Davis,23,18,RB,0.3994714685185755
00-0033789,T.J. Logan,25,29,RB,2.6733859816243126
00-0033838,Trey Edmunds,25,26,RB,4.261028997531472
00-0033854,Dare Ogunbowale,29,12,RB,15.235227237808443
00-0033856,Leonard Fournette,27,29,RB,57.589738412035075
00-0033893,Dalvin Cook,28,24,RB,60.243370310051326
00-0033897,Joe Mixon,27,6,RB,70.27771315022031
00-0033906,Alvin Kamara,28,22,RB,86.83324480577346
00-0033923,Kareem Hunt,28,7,RB,51.55991413558326
00-0033925,D'Onta Foreman,27,5,RB,16.15591386048935
00-0033948,Jamaal Williams,28,22,RB,40.803157141540204
00-0033950,Wayne Gallman,27,1,RB,19.387681938768196
00-0033951,Marlon Mack,26,9,RB,18.324473261018756
00-0033955,Jeremy McNichols,26,30,RB,16.53197308176874
00-0034109,Phillip Lindsay,28,13,RB,35.249772096405785
00-0034115,Jeffery Wilson,28,19,RB,27.670349705810484
00-0034164,Trenton Cannon,27,27,RB,5.454321974003626
00-0034184,Gus Edwards,28,2,RB,34.696657755380066
00-0034201,De'Lance Turner,24,19,RB,0.5428714828585768
00-0034208,Mike Boone,28,12,RB,4.7614657822690285
00-0034221,Roc Thomas,23,20,RB,2.1817287896014506
00-0034253,Dontrell Hilliard,27,30,RB,12.451218387978985
00-0034301,Darrel Williams,27,0,RB,29.591617244876016
00-0034331,Jaylen Samuels,25,12,RB,11.609255446639832
00-0034349,Kerryon Johnson,23,10,RB,34.10871769658606
00-0034358,Derrius Guice,22,31,RB,17.638201763820177
00-0034367,Nyheim Hines,26,3,RB,44.59535588810702
00-0034378,Ito Smith,25,1,RB,21.663645023507364
00-0034400,Jordan Wilkins,28,13,RB,12.395906953876413
00-0034414,Boston Scott,28,25,RB,23.38444519558738
00-0034427,David Williams,24,14,RB,1.1062286820514398
00-0034432,Bo Scarbrough,23,10,RB,12.96745843960299
00-0034440,Justin Jackson,27,10,RB,16.69176166917617
00-0034449,Buddy Howell,25,18,RB,0.6657857808642925
00-0034457,Josh Adams,24,24,RB,13.786887092974425
00-0034509,Keith Ford,24,3,RB,3.994714685185755
00-0034565,Detrez Newsome,24,17,RB,2.704114556125742
00-0034578,Reggie Bonnafon,26,31,RB,1.9922359135093064
00-0034597,Ryan Nall,26,5,RB,2.335371662108595
00-0034614,Godwin Igwebuike,28,28,RB,5.25458623974434
00-0034621,Shaun Wilson,23,29,RB,1.9666287680914485
00-0034654,Dalyn Dawkins,25,30,RB,0.798942937037151
00-0034679,Mark Walton,22,19,RB,9.679500967950098
00-0034681,Chase Edmonds,27,29,RB,31.411919467722562
00-0034750,Rashaad Penny,27,25,RB,20.362802036280208
00-0034791,Nick Chubb,28,7,RB,54.47737279467606
00-0034799,Kalen Ballage,26,26,RB,16.53197308176874
00-0034808,John Kelly,25,7,RB,0.9116143768757234
00-0034816,Ronald Jones,25,15,RB,22.58550225855023
00-0034838,Royce Freeman,27,18,RB,16.379793474714045
00-0034844,Saquon Barkley,26,23,RB,77.75060981587731
00-0034845,Sony Michel,27,17,RB,37.65889233731781
00-0034972,Alexander Mattison,25,20,RB,31.324708846756604
00-0034975,Justice Hill,26,2,RB,13.130319884460562
00-0034995,Dexter Williams,23,11,RB,0.30728574501428885
00-0035013,Jon Hilliman,24,23,RB,3.7488860891743236
00-0035148,Darwin Thompson,23,15,RB,9.874115273125817
00-0035184,Devine Ozigbo,24,14,RB,3.5440289258314643
00-0035187,Austin Walter,25,24,RB,2.7655717051285995
00-0035217,Benny Snell,24,26,RB,15.186061518606154
00-0035243,Miles Sanders,26,4,RB,48.89121060340678
00-0035250,Devin Singletary,26,12,RB,49.54347581149045
00-0035261,Tony Pollard,26,8,RB,43.77387866310215
00-0035268,Ryquell Armstead,25,14,RB,7.825543639697223
00-0035273,Qadree Ollison,25,1,RB,6.647614950475782
00-0035275,Jordan Scarlett,24,4,RB,0.27655717051285994
00-0035291,Trayveon Williams,26,6,RB,2.6580216943735984
00-0035311,Myles Gaskin,25,19,RB,20.317733460344776
00-0035342,Patrick Laird,26,19,RB,12.614079832836557
00-0035448,Damarea Crockett,24,9,RB,0.21510002151000218
00-0035489,Wes Hills,24,10,RB,4.9780290692314795
00-0035537,Ty Johnson,26,3,RB,17.527578895615036
00-0035551,Tony Brooks-James,25,26,RB,0.21510002151000218
00-0035567,Craig Reynolds,27,10,RB,10.13018672730439
00-0035594,Travis Homer,25,5,RB,7.3687121654426475
00-0035596,Kerrith Whyte,23,26,RB,4.332729004701473
00-0035628,D'Ernest Johnson,27,14,RB,14.251912853762716
00-0035657,Damien Harris,26,3,RB,24.056376691351957
00-0035664,Darrell Henderson,26,18,RB,21.139210685349646
00-0035685,David Montgomery,26,10,RB,62.061477634719196
00-0035700,Josh Jacobs,25,16,RB,73.4707924899364
00-0035715,Derrick Gore,29,31,RB,6.278872056458635
00-0035806,Jamycal Hasty,27,14,RB,10.573702485941677
00-0035831,James Robinson,24,24,RB,60.16245173053089
00-0035835,Nathan Cottrell,25,14,RB,0.09218572350428665
00-0035860,Tony Jones,26,22,RB,6.109864896700778
00-0035912,LeVante Bellamy,24,9,RB,0.798942937037151
00-0035924,Jonathan Ward,24,0,RB,2.6529002652900266
00-0035957,Rodney Smith,24,4,RB,11.215929693021543
00-0035973,Patrick Taylor,25,11,RB,4.77317190588862
00-0036020,Salvon Ahmed,25,19,RB,14.193528562210004
00-0036069,Scottie Phillips,24,12,RB,0.9628286677114385
00-0036096,J.J. Taylor,24,21,RB,2.8423931413821717
00-0036139,Rico Dowdle,25,8,RB,9.86387241495867
00-0036158,J.K. Dobbins,25,2,RB,30.692724497843884
00-0036188,Antonio Williams,23,3,RB,6.545186368804353
00-0036208,Artavis Pierce,24,5,RB,2.888486003134315
00-0036223,Jonathan Taylor,24,13,RB,82.99787972835942
00-0036251,Zack Moss,26,13,RB,36.004670743324226
00-0036265,A.J. Dillon,25,11,RB,39.59069538764097
00-0036269,La'Mical Perine,25,15,RB,7.6872650544407914
00-0036275,D'Andre Swift,24,25,RB,60.28024459945304
00-0036278,Jason Huntley,22,25,RB,0.8911286605414376
00-0036297,Darrynton Evans,25,5,RB,5.106064796320767
00-0036328,Antonio Gibson,25,31,RB,59.24161878130476
00-0036336,Anthony McFarland,24,26,RB,1.8488358991693044
00-0036360,Clyde Edwards-Helaire,24,15,RB,35.525304981101925
00-0036370,Joshua Kelley,26,17,RB,16.17244876010202
00-0036383,Eno Benjamin,23,0,RB,20.854459228303067
00-0036414,Cam Akers,24,20,RB,27.37608702332299
00-0036425,DeeJay Dallas,25,28,RB,11.95648833850598
00-0036450,Ke'Shawn Vaughn,26,29,RB,7.261162154687646
00-0036457,Ty'Son Williams,25,2,RB,14.718987186184435
00-0036493,Deon Jackson,24,23,RB,10.678179639246535
00-0036555,Chuba Hubbard,24,4,RB,44.89956877567118
00-0036567,Elijah Mitchell,25,27,RB,26.431695500312408
00-0036569,Gary Brightwell,24,23,RB,4.855114771225764
00-0036650,Larry Rountree,23,17,RB,4.793657622222906
00-0036654,Demetric Felton,24,7,RB,10.59111534482582
00-0036669,Kylin Hill,24,11,RB,0.8706429442071518
00-0036670,Jermar Jefferson,21,10,RB,7.897243646867223
00-0036698,Mekhi Sargent,24,30,RB,0.33801431951571775
00-0036755,Jaret Patterson,22,31,RB,17.177273146298745
00-0036829,Caleb Huntley,24,1,RB,13.797129951141569
00-0036842,Kene Nwangwu,25,20,RB,1.5415501541550156
00-0036857,Chris Evans,26,6,RB,4.1842075612778995
00-0036860,Jake Funk,25,13,RB,0.43020004302000436
00-0036875,Rhamondre Stevenson,25,21,RB,47.57807618637905
00-0036893,Najee Harris,25,26,RB,79.19368220508252
00-0036906,Khalil Herbert,25,5,RB,32.10623892490961
00-0036919,Kenneth Gainwell,24,25,RB,29.711458685431587
00-0036924,Michael Carter,24,24,RB,32.99224615636748
00-0036950,Avery Williams,24,1,RB,11.062286820514398
00-0036973,Travis Etienne,24,14,RB,77.61013633244222
00-0036984,Trey Sermon,24,13,RB,6.114986325784347
00-0036997,Javonte Williams,23,9,RB,36.126560755513225
00-0037085,Tyler Badie,22,9,RB,2.888486003134315
00-0037087,Trestan Ebner,23,5,RB,1.8744430445871618
00-0037120,Tyler Goodson,23,13,RB,5.561871984758628
00-0037157,Zonovan Knight,22,10,RB,12.404101240410126
00-0037197,Isiah Pacheco,24,15,RB,58.466234418052025
00-0037228,Jaylen Warren,25,26,RB,49.38081922379621
00-0037248,James Cook,24,3,RB,45.07881879359616
00-0037256,Rachaad White,24,29,RB,68.6169068616907
00-0037258,Dameon Pierce,23,12,RB,32.55180325518033
00-0037263,Tyler Allgeier,23,1,RB,43.96234725337759
00-0037265,Snoop Conner,23,14,RB,3.1343145991457457
00-0037267,Jerome Ford,24,7,RB,42.81514713865758
00-0037276,Ty Chandler,25,20,RB,20.89543066097164
00-0037286,Kevin Harris,23,21,RB,4.476129019041474
00-0037299,Keaontay Ingram,24,0,RB,5.141914799905767
00-0037331,Zander Horvath,24,17,RB,5.715514857265773
00-0037410,Jashaun Corbin,23,23,RB,1.321328703561442
00-0037429,Raheem Blackshear,25,4,RB,10.785729650001539
00-0037525,Jordan Mason,24,27,RB,11.093015395015827
00-0037557,Ronnie Rivers,24,18,RB,4.107386125024328
00-0037563,Malik Davis,24,8,RB,10.570629628491536
00-0037594,Julius Chestnut,22,30,RB,2.5504716836185977
00-0037617,Hassan Haskins,23,30,RB,7.98942937037151
00-0037746,Brian Robinson,24,31,RB,43.60384721752759
00-0037827,Tyrion Davis-Price,23,27,RB,2.243185938604309
00-0037840,Kyren Williams,23,18,RB,54.54321974003627
00-0038040,Zamir White,24,16,RB,8.901043747247234
00-0038045,Isaiah Spiller,22,17,RB,3.6669432238371797
00-0038098,Pierre Strong,25,7,RB,9.853629556791526
00-0038120,Breece Hall,22,24,RB,52.94533386596196
00-0038134,Kenneth Walker,23,28,RB,63.13697774226922
00-0038389,Israel Abanikanda,21,24,RB,5.6233291337614855
00-0038396,Eric Gray,24,23,RB,3.994714685185755
00-0038397,Evan Hull,23,13,RB,0.522385766524291
00-0038454,Keaton Mitchell,21,2,RB,21.47927357649879
00-0038542,Bijan Robinson,21,1,RB,74.76262176197648
00-0038551,Kendre Miller,21,22,RB,13.305472759118707
00-0038555,Tank Bigsby,22,14,RB,7.313400731340074
00-0038597,Chase Brown,23,6,RB,16.439787358264454
00-0038611,Chris Rodriguez,23,31,RB,11.338843991027257
00-0038622,Deuce Vaughn,22,8,RB,4.609286175214333
00-0038705,Emari Demercado,24,0,RB,22.524045109547373
00-0038738,Hunter Luepke,23,8,RB,3.902528961681468
00-0038794,Jaleel McLaughlin,23,9,RB,32.57228897151462
00-0038797,Emanuel Wilson,24,11,RB,4.547829026211475
00-0038862,Elijah Dotson,24,17,RB,1.1984144055557264
00-0038951,Sean Tucker,22,29,RB,1.597885874074302
00-0039021,Roschon Johnson,22,5,RB,31.37387456595889
00-0039032,Tyjae Spears,22,30,RB,49.104262053283364
00-0039040,Devon Achane,22,19,RB,58.21835725040716
00-0039136,Zach Evans,22,18,RB,0.5838429155271487
00-0039139,Jahmyr Gibbs,21,10,RB,75.93030759303078
00-0039165,Zach Charbonnet,22,28,RB,32.60301754601605
00-0006101,Tony Gonzalez,37,1,TE,90.59704664129525
00-0020516,Todd Heap,32,0,TE,7.077470569703101
00-0021547,Antonio Gates,38,17,TE,31.984201291052898
00-0022054,Visanthe Shiancoe,33,30,TE,0.2982842002556863
00-0022127,Jason Witten,38,16,TE,58.92129833005222
00-0022165,Dallas Clark,34,2,TE,43.96980279223593
00-0022738,Chris Cooley,30,31,TE,0.7321521279003208
00-0022922,Kellen Winslow,30,24,TE,22.479782001087628
00-0022943,Benjamin Watson,39,21,TE,37.569282404281935
00-0023465,Heath Miller,33,26,TE,61.04928493142175
00-0023630,Joel Dreessen,31,9,TE,19.25288928923066
00-0024221,Vernon Davis,35,31,TE,46.32895964880363
00-0024243,Marcedes Lewis,39,5,TE,15.67869364490815
00-0024268,Anthony Fasano,33,19,TE,28.34474666585528
00-0024276,Tony Scheffler,30,10,TE,31.9977596637918
00-0024301,David Thomas,29,22,TE,20.174858635475506
00-0024313,Owen Daniels,33,9,TE,52.108893947394506
00-0024369,Jeff King,29,0,TE,12.161860346788663
00-0024389,Delanie Walker,35,30,TE,62.249878837450886
00-0025418,Greg Olsen,35,28,TE,66.84368149426743
00-0025425,Zach Miller,29,28,TE,33.543414156025804
00-0025516,Scott Chandler,30,21,TE,46.75198087825715
00-0025540,Kevin Boss,28,15,TE,6.304643323586096
00-0025542,Dante Rosario,30,5,TE,3.9861615852350805
00-0025549,Brent Celek,32,25,TE,28.941315066366652
00-0025701,Jackie Battle,31,30,TE,5.97924237785262
00-0026123,Evan Moore,27,28,TE,0.6508018914669519
00-0026170,Dustin Keller,28,24,TE,29.16405976136278
00-0026178,John Carlson,30,0,TE,21.666279636753938
00-0026188,Fred Davis,27,31,TE,13.097388065772408
00-0026201,Martellus Bennett,30,11,TE,54.15795145031977
00-0026225,Craig Stevens,31,30,TE,11.340222958811637
00-0026231,Jermichael Finley,26,11,TE,46.96620316753169
00-0026267,Jacob Tamme,31,1,TE,31.504234896096026
00-0026281,Gary Barnidge,31,7,TE,26.17579440971036
00-0026298,Kellen Davis,31,24,TE,8.810230605733858
00-0026931,Bear Pascoe,28,1,TE,6.521577287408414
00-0026957,David Johnson,29,26,TE,5.613166313902459
00-0026996,Brandon Pettigrew,30,10,TE,18.657676725993177
00-0027061,Jared Cook,34,17,TE,50.72729576530112
00-0027070,Travis Beckum,25,23,TE,0.0
00-0027125,Zach Miller,33,5,TE,34.838238752590264
00-0027135,Brandon Myers,31,29,TE,26.54051463638663
00-0027139,John Phillips,31,0,TE,6.460564610083386
00-0027215,Logan Paulsen,31,1,TE,14.2343544654483
00-0027259,Jake Ballard,26,0,TE,10.77890632742139
00-0027656,Rob Gronkowski,32,29,TE,71.6361143117088
00-0027675,Ed Dickson,31,28,TE,18.608866584133153
00-0027695,Tony Moeaki,28,1,TE,18.81902136158602
00-0027696,Jimmy Graham,37,22,TE,70.21264951803684
00-0027714,Dennis Pitta,31,2,TE,31.02698017568693
00-0027718,Garrett Graham,29,12,TE,32.50348696695258
00-0027725,Clay Harbor,29,10,TE,19.399319714810723
00-0027732,Michael Hoomanawanui,29,22,TE,7.8177577212467595
00-0027873,Jermaine Gresham,30,0,TE,39.22969883719874
00-0027981,Kyle Rudolph,33,29,TE,45.33673328018451
00-0027985,Lance Kendricks,31,17,TE,14.460004526031337
00-0028007,Rob Housler,27,7,TE,14.752865377191466
00-0028040,Jordan Cameron,28,19,TE,45.72154455010114
00-0028042,Luke Stocker,33,20,TE,6.210638605929758
00-0028067,Julius Thomas,29,19,TE,47.27804574052627
00-0028079,D.J. Williams,25,14,TE,3.443826675679287
00-0028093,Niles Paul,29,14,TE,16.068608605981645
00-0028097,Lee Smith,34,1,TE,6.9631928566181305
00-0028112,Charles Clay,30,0,TE,43.44102625541904
00-0028142,Virgil Green,32,17,TE,12.358004805744674
00-0028903,Garrett Celek,30,27,TE,19.11294751346135
00-0029119,Derek Carrier,31,16,TE,7.406745336219118
00-0029275,Ladarius Green,26,26,TE,22.127264309876363
00-0029391,Sean McGrath,30,17,TE,11.578850319016187
00-0029414,Orson Charles,27,7,TE,4.258684877286866
00-0029587,Rhett Ellison,31,23,TE,11.968653535259412
00-0029689,Dwayne Allen,28,21,TE,25.96379956738578
00-0029694,Michael Egnew,24,19,TE,5.653841432119144
00-0029697,Coby Fleener,29,22,TE,50.04976451043463
00-0029738,Darren Fells,35,10,TE,21.862876041467914
00-0029878,MarQueis Gray,27,19,TE,5.371827279150131
00-0029910,Timothy Wright,25,10,TE,42.57329040012977
00-0029999,Zach Sudfeld,25,24,TE,4.894572558741034
00-0030049,Chris Gragg,25,3,TE,7.66048059747558
00-0030061,Zach Ertz,33,0,TE,64.47745784948432
00-0030089,Luke Willson,30,28,TE,18.581749838655366
00-0030108,Ryan Griffin,32,5,TE,22.217489117557008
00-0030155,Demetrius Harris,30,0,TE,11.638733131946303
00-0030181,Jack Doyle,31,13,TE,27.513553853281312
00-0030216,Josh Hill,30,22,TE,14.80800275966297
00-0030422,Dion Sims,27,5,TE,12.266453507917278
00-0030443,Levine Toilolo,29,23,TE,9.750729728055198
00-0030470,Vance McDonald,30,26,TE,20.220053211271825
00-0030472,Jordan Reed,30,27,TE,59.91590181596972
00-0030506,Travis Kelce,34,15,TE,100.0
00-0030544,Gavin Escobar,25,8,TE,12.849269844650628
00-0030549,Tyler Eifert,30,14,TE,31.94352617283622
00-0030710,Trey Burton,29,13,TE,24.194431924960007
00-0030780,Ryan Hewitt,27,13,TE,5.211838480831172
00-0030805,Je'Ron Hamm,24,27,TE,1.3422789011505882
00-0030854,Erik Swoope,26,13,TE,16.283605659412693
00-0030992,Crockett Gillmore,25,2,TE,19.510498371269662
00-0031035,Xavier Grimble,27,26,TE,6.084997685216
00-0031042,Jace Amaro,24,30,TE,24.120345102493904
00-0031044,Troy Niklas,25,0,TE,3.7909210177949952
00-0031167,Scott Simonson,27,23,TE,3.8166819259988953
00-0031260,Logan Thomas,32,31,TE,28.77967989421511
00-0031273,Cameron Brate,31,29,TE,30.50995422857708
00-0031302,C.J. Fiedorowicz,26,12,TE,29.1233846431461
00-0031384,Richard Rodgers,30,17,TE,26.091635653209647
00-0031387,Eric Ebron,28,26,TE,53.709233876342054
00-0031418,Austin Seferian-Jenkins,26,14,TE,22.68315759217105
00-0031462,Jerome Cunningham,27,10,TE,1.8846138107063815
00-0031484,Chris Manhertz,31,9,TE,3.8166819259988944
00-0031558,Maxx Williams,28,0,TE,13.692988011088142
00-0031585,MyCole Pruitt,31,1,TE,12.54036491908281
00-0031598,Nick Boyle,28,2,TE,18.207926133140123
00-0031609,A.J. Derby,27,19,TE,14.209174630361785
00-0031610,Darren Waller,31,23,TE,51.13675862201574
00-0031690,Eric Tomlinson,30,9,TE,6.4169841262797975
00-0031732,Connor Hamlett,24,7,TE,3.5387352848515503
00-0031744,Matt LaCosse,27,21,TE,6.381926048197797
00-0031788,Matt Lengel,28,6,TE,4.216653921796293
00-0031884,Gabe Holmes,26,0,TE,0.0
00-0031922,Khari Lee,26,3,TE,0.44742630038352943
00-0031951,James O'Shaughnessy,29,14,TE,15.180535191584031
00-0031968,E.J. Bibbs,24,7,TE,0.6914770096836363
00-0032004,Will Tye,26,24,TE,35.04839353004314
00-0032062,Blake Bell,32,15,TE,6.103979407050452
00-0032089,Brian Parker,26,9,TE,2.4676238384788594
00-0032098,Daniel Brown,29,24,TE,8.47127128726149
00-0032117,Nick O'Leary,27,19,TE,10.049465874068847
00-0032120,Neal Sterling,26,24,TE,5.301323740907878
00-0032134,C.J. Uzomah,30,24,TE,20.45687278844452
00-0032135,Jesse James,27,5,TE,22.30158624509072
00-0032139,Ben Koyack,26,14,TE,6.569031591994546
00-0032141,Geoff Swaim,30,0,TE,11.269719420569382
00-0032188,Vince Mayle,26,2,TE,2.521857329434438
00-0032214,Tyler Kroft,30,27,TE,12.978752304307076
00-0032227,Jeff Heuerman,27,9,TE,15.114873929319959
00-0032256,Clive Walford,28,19,TE,3.945486467018395
00-0032319,Ross Travis,26,13,TE,2.8404790887984666
00-0032392,Austin Hooper,29,16,TE,39.85483666598135
00-0032394,Nick Vannett,30,17,TE,10.894152495701997
00-0032429,Jerell Adams,25,23,TE,9.301043698881852
00-0032430,David Morgan,25,20,TE,5.301323740907877
00-0032508,Hakeem Valles,26,10,TE,0.4203095549057398
00-0032515,Braedon Bowman,22,24,TE,0.0
00-0032523,Henry Krieger-Coble,24,9,TE,0.9355277189837432
00-0032562,Cole Wick,25,27,TE,1.030436328156007
00-0032599,Joshua Perkins,26,25,TE,7.301183719894866
00-0032634,David Grinnage,24,14,TE,4.921689304218823
00-0032650,Ryan Malleck,24,12,TE,0.5287765368168984
00-0032661,Ben Braunecker,25,5,TE,5.16574001351893
00-0032725,Stephen Anderson,29,0,TE,13.466175804270346
00-0032745,Alan Cross,25,29,TE,2.250689874656542
00-0032864,Alex Ellis,23,14,TE,1.667679846884064
00-0032986,J.P. Holtz,27,5,TE,4.365796021924136
00-0033043,Austin Traylor,24,9,TE,7.321521279003208
00-0033054,Rico Gathers,24,8,TE,3.050633866251337
00-0033090,Hunter Henry,29,21,TE,54.49497385840086
00-0033095,Garrett Griffin,27,22,TE,2.3320401110899107
00-0033110,Tyler Higbee,30,18,TE,47.84071820919041
00-0033112,Temarrick Hemingway,27,31,TE,0.8135023643336898
00-0033217,Mo Alie-Cox,30,13,TE,24.69367057831003
00-0033246,Johnny Mundt,29,20,TE,8.603755958024406
00-0033258,Darrell Daniels,27,0,TE,1.448034208513968
00-0033288,George Kittle,30,27,TE,74.05341076185447
00-0033315,Cole Hikutini,23,27,TE,1.4236291375839571
00-0033338,Cethan Carter,28,19,TE,2.599140054046139
00-0033387,Jacob Hollister,28,14,TE,19.40745473845406
00-0033421,Antony Auclair,28,12,TE,3.422133279297055
00-0033439,Pharaoh Brown,29,21,TE,11.931368010227452
00-0033455,Anthony Firkser,27,1,TE,21.701531405875066
00-0033514,Emanuel Byrd,23,11,TE,2.074431029050909
00-0033528,Jeremy Sprinkle,27,8,TE,5.534527752016868
00-0033559,Michael Roberts,24,10,TE,12.82622061099451
00-0033564,Jake Butt,25,9,TE,2.9150501388623886
00-0033576,Eric Saubert,29,12,TE,4.460704631096398
00-0033611,Ricky Seals-Jones,26,31,TE,24.475574468252947
00-0033627,Jason Croom,26,25,TE,10.100987690476646
00-0033658,Blake Jarwin,27,8,TE,15.60704285974184
00-0033696,Sean Culkin,26,17,TE,1.2202535465005346
00-0033720,Colin Thompson,28,4,TE,2.087989401789804
00-0033742,Tyrone Swoopes,25,28,TE,1.0982281918504813
00-0033757,Robert Tonyan,29,5,TE,26.433016109671108
00-0033798,Mason Schreck,27,6,TE,0.0
00-0033858,Jonnu Smith,28,1,TE,34.74090900542892
00-0033879,O.J. Howard,28,12,TE,21.84834921353338
00-0033881,Evan Engram,29,14,TE,59.25928919332895
00-0033885,David Njoku,27,7,TE,46.45243768624714
00-0033895,Gerald Everett,29,17,TE,41.17193573204542
00-0033896,Adam Shaheen,27,19,TE,11.972043128444135
00-0033953,Jordan Leggett,23,24,TE,12.77198712003893
00-0034011,Dan Arnold,27,14,TE,25.10197128878989
00-0034073,Ross Dwelley,28,27,TE,7.244044863352382
00-0034159,Will Dissly,27,28,TE,24.573582134051247
00-0034169,Marcus Baugh,26,31,TE,0.4881014186002139
00-0034192,Nick Keizer,25,15,TE,3.782785994151658
00-0034193,Kevin Rader,28,30,TE,0.43386792764463455
00-0034270,Tyler Conklin,28,24,TE,33.60926910932901
00-0034319,Deon Yelder,25,15,TE,3.95904483975729
00-0034351,Dallas Goedert,28,25,TE,52.14937537457207
00-0034364,Jordan Akins,31,7,TE,27.80628557708203
00-0034365,Ian Thomas,27,4,TE,18.11398597916349
00-0034383,Dalton Schultz,27,12,TE,52.63941370356354
00-0034393,Troy Fumagalli,25,9,TE,7.267287788047629
00-0034420,Jordan Thomas,24,0,TE,9.741690812895934
00-0034439,Ryan Izzo,25,21,TE,11.280566118760499
00-0034532,Jordan Franks,22,6,TE,2.318481738351016
00-0034575,David Wells,28,29,TE,0.4067511821668449
00-0034613,Tanner Hudson,29,6,TE,9.557839278556521
00-0034672,Ethan Wolf,26,22,TE,1.1389033100671657
00-0034753,Mark Andrews,28,2,TE,74.74343508874465
00-0034766,Christopher Herndon,25,20,TE,18.145170236462953
00-0034788,Jaeden Graham,25,1,TE,5.545374450207985
00-0034798,Durham Smythe,28,19,TE,18.28830791437785
00-0034829,Mike Gesicki,28,21,TE,48.34140954533388
00-0034830,Hayden Hurst,30,4,TE,32.64081391369366
00-0034970,Irv Smith,25,6,TE,25.05180530965598
00-0034981,Foster Moreau,26,22,TE,26.918793235801793
00-0034988,Kaden Smith,24,23,TE,16.642902536993404
00-0035025,Hale Hentges,23,31,TE,9.884053726654331
00-0035039,Stephen Carlson,24,7,TE,2.752349665995651
00-0035222,Zach Gentry,26,26,TE,7.307962906264312
00-0035229,T.J. Hockenson,26,20,TE,66.14858891852009
00-0035249,Josh Oliver,26,20,TE,8.553977360968746
00-0035259,Trevon Wesco,28,30,TE,1.6405631014062743
00-0035308,Tommy Sweeney,27,3,TE,6.691056946644599
00-0035329,Donald Parham,26,17,TE,24.12441261431557
00-0035345,Chris Myarick,27,23,TE,6.73851125123073
00-0035356,Tyree Jackson,24,25,TE,4.555613240268663
00-0035428,Daniel Helm,26,16,TE,0.3660760639501604
00-0035539,Isaac Nauta,23,10,TE,1.0711114463726912
00-0035553,Charles Jones,23,14,TE,0.6101267732502673
00-0035562,Jesper Horsted,26,16,TE,2.0405350972036724
00-0035572,Parker Hesse,27,1,TE,4.948806049696612
00-0035603,Kendall Blanton,27,18,TE,2.8336999024290193
00-0035631,Drew Sample,27,6,TE,9.83524358479431
00-0035644,Noah Fant,26,28,TE,49.82973148998628
00-0035660,Kahale Warring,23,12,TE,2.643882684084492
00-0035671,Jace Sternberger,24,11,TE,3.9861615852350796
00-0035689,Dawson Knox,27,3,TE,48.07798973212106
00-0035771,Mitchell Wilcox,27,6,TE,8.284165743464742
00-0035823,Ben Ellefson,26,20,TE,1.20669517376164
00-0035956,Giovanni Ricci,27,4,TE,5.043714658868876
00-0036005,Noah Togiai,23,13,TE,0.0
00-0036008,Hunter Bryant,22,10,TE,2.1964563837009625
00-0036032,Sean McKeon,25,8,TE,2.5625324476511233
00-0036040,Juwan Johnson,27,22,TE,35.66529948966285
00-0036059,Tyler Mabry,26,28,TE,3.1319841026847057
00-0036145,Lawrence Cager,26,23,TE,5.531816077469091
00-0036173,Tommy Hudson,24,30,TE,2.481182211217754
00-0036194,Devin Asiasi,25,6,TE,2.2913649928732265
00-0036225,Dalton Keene,21,21,TE,1.8710554379674864
00-0036232,Harrison Bryant,25,7,TE,23.066859540681772
00-0036244,Colby Parkinson,24,28,TE,15.074198811103273
00-0036250,Tyler Davis,25,11,TE,1.8507178788591439
00-0036290,Cole Kmet,24,5,TE,60.51237337096152
00-0036332,Josiah Deguara,26,11,TE,14.252561423126245
00-0036422,Adam Trautman,26,9,TE,21.517137536626098
00-0036423,Albert Okwuegbunam,25,25,TE,11.873067007450203
00-0036424,Brycen Hopkins,26,18,TE,4.074291008037897
00-0036429,Charlie Woerner,26,27,TE,2.22899647827431
00-0036438,Stephen Sullivan,27,4,TE,7.538455242825524
00-0036456,Dominique Dafney,24,11,TE,3.606527148546025
00-0036510,Kenny Yeboah,25,24,TE,2.060872656312014
00-0036534,Shane Zylstra,26,10,TE,16.67679846884064
00-0036556,Brevin Jordan,23,12,TE,19.24611010286121
00-0036590,Quintin Morris,24,3,TE,5.5046993319913
00-0036628,John Bates,26,31,TE,15.924308781831979
00-0036637,Noah Gray,24,15,TE,17.59876781508549
00-0036741,Jack Stoll,25,25,TE,5.369115604602353
00-0036754,Brock Wright,25,10,TE,17.788585033430017
00-0036825,Feleipe Franks,25,1,TE,0.0
00-0036876,Kylen Granson,25,13,TE,25.421948885427806
00-0036887,Luke Farrell,26,14,TE,7.7350516475395
00-0036894,Pat Freiermuth,25,26,TE,45.44088623440602
00-0036970,Kyle Pitts,23,1,TE,48.62710382804631
00-0037004,Hunter Long,23,19,TE,3.1726592209013904
00-0037005,Tommy Tremble,23,4,TE,21.903551159684593
00-0037011,Tre' McKitty,23,17,TE,5.179298386257826
00-0037078,Cole Turner,23,31,TE,4.284445785490766
00-0037086,Grant Calcaterra,25,25,TE,4.623405103963137
00-0037112,Jake Tonges,23,5,TE,0.0
00-0037168,Armani Rogers,25,31,TE,5.694516550335829
00-0037252,Greg Dulcich,23,9,TE,13.165179929466879
00-0037277,Teagan Quitoriano,23,12,TE,8.934967634931692
00-0037282,James Mitchell,24,10,TE,8.324840861681427
00-0037292,Andrew Ogletree,25,13,TE,14.521017203356365
00-0037304,Connor Heyward,24,26,TE,15.090468858389944
00-0037306,John FitzPatrick,23,1,TE,0.8948526007670589
00-0037311,Ko Kieft,25,29,TE,4.79966394956877
00-0037317,Nick Muse,25,20,TE,1.3016037829339038
00-0037475,Stone Smartt,25,17,TE,9.585769526398645
00-0037539,Lucas Krull,25,9,TE,9.558652780920855
00-0037569,Peyton Hendershot,24,8,TE,11.768667537360713
00-0037744,Trey McBride,24,0,TE,42.09874735426845
00-0037755,Jelani Woods,24,13,TE,30.18093771677989
00-0037805,Jeremy Ruckert,23,24,TE,8.677358552892692
00-0037809,Chigoziem Okonkwo,24,30,TE,41.24456987171807
00-0037838,Isaiah Likely,23,2,TE,39.79382398865632
00-0038041,Jake Ferguson,24,8,TE,37.13638293183294
00-0038046,Charlie Kolar,24,2,TE,7.091028942441996
00-0038115,Daniel Bellinger,23,23,TE,26.425268468106026
00-0038129,Cade Otton,24,29,TE,44.13250326510267
00-0038394,Will Mallory,24,13,TE,15.7412707498569
00-0038547,Luke Schoonmaker,25,8,TE,10.77890632742139
00-0038558,Darnell Washington,22,26,TE,5.328440486385668
00-0038589,Josh Whyle,24,30,TE,9.924728844871016
00-0038720,Julian Hill,23,19,TE,3.1726592209013904
00-0038783,Nate Adkins,24,9,TE,2.521857329434438
00-0038809,Ben Sims,23,11,TE,4.921689304218823
00-0038933,Dalton Kincaid,24,3,TE,60.72795149750995
00-0038935,Brenton Strange,23,14,TE,5.897892141419251
00-0038996,Tucker Kraft,23,11,TE,31.929967800097323
00-0039041,Elijah Higgins,23,0,TE,14.765067912656468
00-0039050,Payne Durham,23,29,TE,4.392912767401925
00-0039065,Sam LaPorta,22,10,TE,95.87125363672534
00-0039066,Michael Mayer,22,16,TE,28.309882278812402
00-0039074,Davis Allen,22,18,TE,10.372155145254546
00-0039144,Luke Musgrave,23,11,TE,30.587688898946737
